claim_id,worker_id,baseline_hourly_income,actual_hourly_income,earnings_drop_ratio,disruption_hours,active_hours_during_disruption,orders_completed_during_disruption,avg_orders_per_hour,gps_zone_match,distance_from_zone_center,past_claim_count,claim_frequency,approval_ratio,zone_risk_score,disruption_type
1,101,134.49,17.35,0.871,3,3,1,0.3333,1,2.34,2,0.0426,1.0,0.85,weather
2,102,91.79,16.56,0.8196,3,3,0,0.0,1,1.9,2,0.0408,1.0,0.75,aqi
3,103,138.57,10.19,0.9265,5,5,1,0.2,1,2.25,1,0.04,1.0,0.48,aqi
4,104,111.54,16.88,0.8487,6,6,2,0.3333,0,26.14,6,0.75,0.0,0.49,aqi
5,105,127.11,0.0,1.0,5,3,0,0.0,1,1.2,2,1.0,0.0,0.41,weather
6,106,112.81,23.6,0.7908,3,3,2,0.6667,1,0.91,0,0.0,1.0,0.74,curfew
7,107,126.55,15.13,0.8804,3,3,1,0.3333,1,0.91,1,0.0357,1.0,0.89,curfew
8,108,131.08,35.29,0.7308,4,4,0,0.0,1,1.07,1,0.1667,1.0,0.6,weather
9,109,102.76,24.98,0.7569,5,5,3,0.6,1,0.86,0,0.0,1.0,0.77,curfew
10,110,143.87,21.98,0.8472,6,6,1,0.1667,1,2.99,2,0.1667,1.0,0.65,weather
11,111,127.65,33.76,0.7355,4,4,3,0.75,1,1.99,1,0.0357,1.0,0.7,aqi
12,112,130.82,13.44,0.8973,3,3,2,0.6667,1,2.42,0,0.0,1.0,0.55,weather
13,113,148.31,32.86,0.7784,5,5,0,0.0,1,2.68,2,0.087,1.0,0.65,weather
14,114,122.36,33.36,0.7274,4,4,0,0.0,1,2.0,0,0.0,1.0,0.46,aqi
15,115,104.37,17.23,0.8349,5,5,0,0.0,1,0.71,0,0.0,1.0,0.89,curfew
16,116,129.59,38.41,0.7036,4,4,1,0.25,1,1.16,1,0.0238,1.0,0.88,curfew
17,117,132.78,21.97,0.8345,4,4,2,0.5,1,1.6,1,0.027,1.0,0.46,weather
18,118,123.24,0.0,1.0,3,3,0,0.0,1,0.52,2,1.0,0.0,0.13,weather
19,119,120.85,18.35,0.8482,3,3,3,1.0,1,1.04,2,0.1667,1.0,0.87,curfew
20,120,137.08,34.22,0.7504,4,4,1,0.25,1,0.74,1,0.0217,1.0,0.58,aqi
21,121,130.4,39.52,0.6969,3,3,0,0.0,1,0.65,1,0.02,1.0,0.8,weather
22,122,122.18,14.21,0.8837,4,4,1,0.25,1,1.2,0,0.0,1.0,0.62,curfew
23,123,145.58,26.97,0.8147,3,3,1,0.3333,0,18.13,3,0.375,0.3333,0.46,weather
24,124,105.91,33.52,0.6835,6,6,3,0.5,1,1.21,2,0.0417,1.0,0.9,curfew
25,125,99.29,18.9,0.8096,6,6,0,0.0,1,1.95,0,0.0,1.0,0.77,weather
26,126,145.16,0.0,1.0,6,5,0,0.0,1,0.4,2,0.2222,0.0,0.13,weather
27,127,114.23,38.25,0.6651,4,4,1,0.25,1,1.95,2,0.3333,1.0,0.44,curfew
28,128,146.08,16.13,0.8896,5,5,2,0.4,1,1.1,0,0.0,1.0,0.74,aqi
29,129,90.56,28.63,0.6839,3,3,0,0.0,1,0.68,2,0.1176,1.0,0.53,aqi
30,130,112.17,14.73,0.8687,4,4,2,0.5,1,2.03,2,0.0444,1.0,0.4,curfew
31,131,146.34,14.03,0.9041,3,3,0,0.0,1,2.72,2,0.0392,1.0,0.48,aqi
32,132,102.22,29.03,0.716,5,5,2,0.4,1,1.76,0,0.0,1.0,0.45,aqi
33,133,90.21,33.13,0.6327,3,3,2,0.6667,1,0.9,2,0.0625,1.0,0.75,curfew
34,134,144.24,0.0,1.0,3,3,0,0.0,1,0.17,6,1.0,0.6667,0.16,weather
35,135,143.94,14.2,0.9013,5,5,1,0.2,0,23.34,6,1.0,0.5,0.49,weather
36,136,141.88,39.29,0.7231,4,4,1,0.25,1,2.7,0,0.0,1.0,0.77,aqi
37,137,138.13,35.92,0.74,6,6,1,0.1667,1,1.17,0,0.0,1.0,0.59,weather
38,138,101.97,37.55,0.6318,4,4,2,0.5,1,1.26,0,0.0,1.0,0.41,weather
39,139,141.86,39.01,0.725,5,5,2,0.4,1,1.38,1,0.0278,1.0,0.74,curfew
40,140,96.92,39.11,0.5965,3,3,1,0.3333,1,1.95,0,0.0,1.0,0.45,aqi
41,141,116.18,39.53,0.6598,5,5,0,0.0,1,1.46,0,0.0,1.0,0.53,curfew
42,142,111.85,12.1,0.8918,4,4,2,0.5,1,2.06,0,0.0,1.0,0.76,aqi
43,143,109.57,30.92,0.7178,6,6,1,0.1667,1,0.98,1,0.0217,1.0,0.74,weather
44,144,114.36,35.01,0.6939,5,5,2,0.4,1,1.22,2,0.0645,1.0,0.7,aqi
45,145,130.54,25.34,0.8059,6,6,1,0.1667,1,2.15,2,0.0909,1.0,0.73,curfew
46,146,130.37,16.74,0.8716,4,4,1,0.25,1,0.87,0,0.0,1.0,0.89,curfew
47,147,117.32,36.58,0.6882,3,3,1,0.3333,1,2.3,1,0.0357,1.0,0.6,weather
48,148,143.56,35.81,0.7506,3,3,0,0.0,1,2.45,0,0.0,1.0,0.8,curfew
49,149,123.44,37.52,0.696,3,3,0,0.0,1,1.64,2,0.0606,1.0,0.67,curfew
50,150,126.76,31.58,0.7509,6,6,3,0.5,1,2.58,1,0.0256,1.0,0.85,curfew
51,151,105.55,17.42,0.835,6,6,2,0.3333,1,2.41,1,0.027,1.0,0.71,aqi
52,152,104.07,20.08,0.8071,5,5,0,0.0,1,0.85,1,0.0556,1.0,0.75,curfew
53,153,114.46,26.28,0.7704,6,6,3,0.5,1,0.66,1,0.0333,1.0,0.85,curfew
54,154,141.4,32.97,0.7668,3,3,3,1.0,1,1.69,1,0.0385,1.0,0.78,aqi
55,155,119.29,18.19,0.8475,4,4,3,0.75,1,0.57,2,0.08,1.0,0.74,aqi
56,156,145.17,39.42,0.7285,6,6,0,0.0,1,2.77,2,0.0488,1.0,0.73,weather
57,157,142.01,15.45,0.8912,4,4,2,0.5,1,1.45,1,0.0588,1.0,0.56,aqi
58,158,105.14,12.46,0.8815,6,6,0,0.0,1,2.37,1,0.1429,1.0,0.51,weather
59,159,135.25,38.49,0.7154,3,3,1,0.3333,1,2.6,0,0.0,1.0,0.52,aqi
60,160,117.9,17.69,0.85,4,4,2,0.5,1,0.92,2,0.0476,1.0,0.76,weather
61,161,124.72,37.87,0.6964,3,3,3,1.0,1,1.49,0,0.0,1.0,0.44,curfew
62,162,96.11,33.17,0.6549,4,4,0,0.0,1,2.49,0,0.0,1.0,0.57,aqi
63,163,120.36,20.24,0.8318,3,3,3,1.0,1,2.56,1,0.1,1.0,0.88,curfew
64,164,132.44,23.06,0.8259,6,6,2,0.3333,1,2.04,1,0.0263,1.0,0.63,curfew
65,165,141.1,34.92,0.7525,5,5,0,0.0,1,1.2,0,0.0,1.0,0.78,curfew
66,166,110.18,24.83,0.7746,6,6,2,0.3333,1,0.95,1,0.0588,1.0,0.8,aqi
67,167,123.35,25.5,0.7933,5,5,1,0.2,1,0.71,1,0.02,1.0,0.64,weather
68,168,116.89,10.52,0.91,6,6,2,0.3333,1,1.05,0,0.0,1.0,0.55,curfew
69,169,115.53,32.38,0.7197,5,5,2,0.4,1,1.38,1,0.0303,1.0,0.55,weather
70,170,97.17,91.43,0.0591,4,4,5,1.25,1,0.1,4,0.5,0.5,0.34,aqi
71,171,107.77,20.83,0.8067,4,4,2,0.5,1,0.54,0,0.0,1.0,0.54,weather
72,172,128.27,32.58,0.746,4,4,0,0.0,1,2.68,1,0.025,1.0,0.63,aqi
73,173,105.15,35.85,0.6591,3,3,0,0.0,1,2.56,1,0.0345,1.0,0.44,curfew
74,174,98.95,26.89,0.7282,4,4,2,0.5,1,0.71,0,0.0,1.0,0.68,aqi
75,175,136.54,21.41,0.8432,4,4,3,0.75,1,1.24,1,0.0244,1.0,0.55,curfew
76,176,127.53,15.29,0.8801,3,3,1,0.3333,0,13.14,6,2.0,0.0,0.16,aqi
77,177,107.48,16.94,0.8424,6,6,2,0.3333,1,2.26,0,0.0,1.0,0.74,aqi
78,178,115.51,26.34,0.772,4,4,1,0.25,1,2.77,0,0.0,1.0,0.43,aqi
79,179,116.35,24.06,0.7932,5,5,2,0.4,1,2.25,2,0.0952,1.0,0.67,aqi
80,180,134.07,94.15,0.2978,3,3,4,1.3333,1,0.05,6,0.6,0.0,0.5,aqi
81,181,118.23,29.55,0.7501,4,4,2,0.5,1,0.95,1,0.0244,1.0,0.72,aqi
82,182,110.88,20.0,0.8196,6,6,0,0.0,1,2.64,1,0.04,1.0,0.75,aqi
83,183,138.81,26.5,0.8091,6,6,3,0.5,1,0.72,1,0.05,1.0,0.46,aqi
84,184,129.46,26.28,0.797,3,3,3,1.0,1,0.64,1,0.027,1.0,0.71,aqi
85,185,102.21,26.48,0.7409,3,3,2,0.6667,1,1.6,1,0.0208,1.0,0.46,curfew
86,186,132.59,19.32,0.8543,4,4,0,0.0,1,1.88,0,0.0,1.0,0.9,weather
87,187,128.86,14.62,0.8865,3,3,2,0.6667,1,1.77,1,0.0476,1.0,0.82,aqi
88,188,113.02,37.66,0.6668,4,4,1,0.25,1,2.66,1,0.0476,1.0,0.57,curfew
89,189,106.97,18.96,0.8228,3,3,3,1.0,1,2.66,2,0.0625,1.0,0.64,aqi
90,190,117.32,19.65,0.8325,6,6,1,0.1667,1,2.95,2,0.1053,1.0,0.59,aqi
91,191,144.81,0.0,1.0,6,4,0,0.0,1,0.83,5,1.6667,0.0,0.15,aqi
92,192,95.98,37.31,0.6113,6,6,0,0.0,1,2.31,2,0.0667,1.0,0.88,weather
93,193,110.31,30.78,0.721,5,5,0,0.0,1,2.63,2,0.0426,1.0,0.59,aqi
94,194,142.34,11.08,0.9222,6,6,0,0.0,1,1.09,1,0.0213,1.0,0.9,curfew
95,195,132.23,0.0,1.0,3,1,0,0.0,1,0.94,2,0.4,0.0,0.23,weather
96,196,115.84,17.33,0.8504,5,5,3,0.6,1,1.91,0,0.0,1.0,0.49,curfew
97,197,119.86,27.49,0.7706,4,4,1,0.25,1,1.65,1,0.05,1.0,0.53,weather
98,198,144.07,30.33,0.7895,6,6,1,0.1667,1,0.68,2,0.0769,1.0,0.55,aqi
99,199,140.72,15.98,0.8864,6,6,3,0.5,1,2.63,0,0.0,1.0,0.59,aqi
100,200,91.32,34.9,0.6178,5,5,3,0.6,1,1.19,2,0.05,1.0,0.79,weather
101,201,139.97,37.09,0.735,6,6,1,0.1667,1,2.02,0,0.0,1.0,0.72,curfew
102,202,127.69,37.1,0.7095,4,4,0,0.0,1,1.27,0,0.0,1.0,0.69,curfew
103,203,134.85,77.03,0.4288,5,5,5,1.0,1,0.39,6,1.0,0.6667,0.47,weather
104,204,148.04,18.85,0.8727,6,6,2,0.3333,1,2.51,0,0.0,1.0,0.47,weather
105,205,148.04,34.14,0.7694,6,6,2,0.3333,1,0.73,0,0.0,1.0,0.53,weather
106,206,125.07,34.67,0.7228,5,5,2,0.4,1,0.77,1,0.0556,1.0,0.41,curfew
107,207,128.86,29.06,0.7745,4,4,3,0.75,1,2.77,2,0.087,1.0,0.6,weather
108,208,149.76,74.64,0.5016,3,3,5,1.6667,1,0.44,5,1.6667,0.6,0.25,aqi
109,209,143.12,29.65,0.7928,4,4,3,0.75,1,2.04,0,0.0,1.0,0.75,weather
110,210,141.33,12.98,0.9082,4,4,2,0.5,1,1.86,1,0.0222,1.0,0.43,aqi
111,211,146.94,34.73,0.7636,3,3,0,0.0,1,2.16,2,0.0444,1.0,0.7,weather
112,212,149.33,25.74,0.8276,5,5,1,0.2,0,11.37,3,0.3333,0.0,0.43,weather
113,213,137.32,27.88,0.797,4,4,2,0.5,1,2.65,0,0.0,1.0,0.67,weather
114,214,90.89,25.8,0.7161,3,3,1,0.3333,0,21.78,3,3.0,0.3333,0.12,aqi
115,215,118.57,33.34,0.7188,3,3,0,0.0,1,1.63,2,0.1111,1.0,0.42,curfew
116,216,128.6,10.93,0.915,6,6,3,0.5,1,2.62,2,0.0645,1.0,0.45,curfew
117,217,143.96,19.66,0.8634,3,3,1,0.3333,1,0.66,2,0.0952,1.0,0.72,curfew
118,218,149.68,25.92,0.8268,6,6,3,0.5,1,1.76,0,0.0,1.0,0.8,weather
119,219,115.8,36.64,0.6836,4,4,3,0.75,1,1.35,1,0.0303,1.0,0.61,weather
120,220,129.91,21.23,0.8366,5,5,1,0.2,1,2.22,0,0.0,1.0,0.45,weather
121,221,134.33,0.0,1.0,3,1,0,0.0,1,1.16,6,0.6,0.6667,0.23,weather
122,222,142.09,31.63,0.7774,6,6,2,0.3333,1,2.0,0,0.0,1.0,0.69,weather
123,223,103.45,13.25,0.8719,6,6,2,0.3333,1,0.79,2,0.0952,1.0,0.51,aqi
124,224,126.54,29.73,0.7651,3,3,2,0.6667,1,0.57,2,0.0952,1.0,0.78,aqi
125,225,142.19,26.99,0.8102,4,4,3,0.75,1,0.67,2,0.0392,1.0,0.89,weather
126,226,112.57,23.61,0.7903,4,4,1,0.25,1,1.43,1,0.02,1.0,0.79,curfew
127,227,99.33,32.63,0.6715,3,3,0,0.0,1,2.18,1,0.0476,1.0,0.73,aqi
128,228,106.39,32.65,0.6931,6,6,0,0.0,1,1.36,1,0.0909,1.0,0.74,curfew
129,229,92.73,21.86,0.7643,5,5,0,0.0,1,0.52,0,0.0,1.0,0.78,aqi
130,230,90.46,32.41,0.6417,3,3,1,0.3333,1,0.82,2,0.0526,1.0,0.52,curfew
131,231,94.32,35.85,0.6199,5,5,0,0.0,1,1.59,0,0.0,1.0,0.83,curfew
132,232,132.57,22.53,0.8301,6,6,0,0.0,1,1.51,0,0.0,1.0,0.8,curfew
133,233,95.29,35.33,0.6292,5,5,1,0.2,1,1.59,2,0.069,1.0,0.44,aqi
134,234,109.98,15.04,0.8632,4,4,0,0.0,1,1.83,1,0.0625,1.0,0.58,curfew
135,235,96.17,17.68,0.8162,4,4,1,0.25,1,2.01,2,0.0385,1.0,0.44,curfew
136,236,130.87,36.46,0.7214,6,6,2,0.3333,1,2.66,1,0.0227,1.0,0.48,weather
137,237,137.78,27.74,0.7987,5,5,2,0.4,1,1.77,1,0.0435,1.0,0.63,weather
138,238,94.6,35.93,0.6202,5,5,0,0.0,1,2.04,1,0.0278,1.0,0.63,curfew
139,239,116.98,34.29,0.7069,3,3,1,0.3333,1,1.3,2,0.0588,1.0,0.48,weather
140,240,148.94,12.53,0.9159,5,5,1,0.2,1,0.6,1,0.0204,1.0,0.9,curfew
141,241,111.83,37.54,0.6643,4,4,3,0.75,1,1.52,2,0.08,1.0,0.7,curfew
142,242,109.78,26.74,0.7564,3,3,3,1.0,1,1.21,2,0.04,1.0,0.88,curfew
143,243,94.89,29.91,0.6848,5,5,2,0.4,1,1.28,2,0.0444,1.0,0.73,weather
144,244,108.57,21.3,0.8038,3,3,2,0.6667,1,2.53,2,0.0435,1.0,0.81,curfew
145,245,128.76,22.7,0.8237,3,3,2,0.6667,1,0.55,0,0.0,1.0,0.88,aqi
146,246,101.52,40.0,0.606,6,6,1,0.1667,1,0.69,2,0.2,1.0,0.79,curfew
147,247,129.72,36.29,0.7202,3,3,1,0.3333,1,1.99,0,0.0,1.0,0.49,curfew
148,248,133.27,11.31,0.9151,4,4,2,0.5,1,2.19,1,0.0526,1.0,0.71,curfew
149,249,122.04,19.28,0.842,4,4,3,0.75,1,2.76,1,0.0625,1.0,0.74,curfew
150,250,136.17,33.34,0.7552,6,6,3,0.5,1,2.92,2,0.125,1.0,0.47,aqi
151,251,123.27,74.1,0.3989,6,6,8,1.3333,1,0.43,2,0.4,0.0,0.21,weather
152,252,146.78,16.66,0.8865,3,3,3,1.0,1,2.71,1,0.2,1.0,0.43,curfew
153,253,149.67,21.25,0.858,6,6,0,0.0,1,1.3,2,0.2,1.0,0.72,weather
154,254,131.76,75.55,0.4266,5,5,7,1.4,1,0.22,2,2.0,0.0,0.2,weather
155,255,96.67,18.64,0.8072,6,6,2,0.3333,1,0.8,1,0.0526,1.0,0.72,curfew
156,256,140.2,24.99,0.8218,3,3,0,0.0,1,2.08,0,0.0,1.0,0.76,aqi
157,257,104.43,22.5,0.7845,5,5,0,0.0,1,1.81,0,0.0,1.0,0.88,curfew
158,258,113.43,24.1,0.7875,3,3,3,1.0,1,2.95,2,0.1,1.0,0.41,weather
159,259,136.29,32.06,0.7648,3,3,2,0.6667,1,0.83,2,0.0769,1.0,0.57,curfew
160,260,148.85,24.36,0.8363,6,6,1,0.1667,1,2.53,2,0.25,1.0,0.79,aqi
161,261,137.47,27.72,0.7984,4,4,2,0.5,0,28.67,5,0.5556,0.6,0.2,weather
162,262,141.95,19.96,0.8594,3,3,0,0.0,1,2.5,1,0.0323,1.0,0.77,aqi
163,263,119.77,24.93,0.7919,4,4,2,0.5,1,2.5,1,0.02,1.0,0.44,curfew
164,264,122.73,19.64,0.84,4,4,0,0.0,1,1.32,1,0.0455,1.0,0.62,curfew
165,265,111.09,11.27,0.8986,6,6,2,0.3333,1,2.04,1,0.0323,1.0,0.72,weather
166,266,120.79,100.0,0.1721,6,6,5,0.8333,1,0.48,6,2.0,0.5,0.11,weather
167,267,111.73,38.48,0.6556,5,5,0,0.0,1,2.01,1,0.0213,1.0,0.87,aqi
168,268,124.44,25.88,0.792,3,3,3,1.0,1,1.29,0,0.0,1.0,0.88,weather
169,269,121.06,37.41,0.691,6,6,0,0.0,1,1.15,2,0.1,1.0,0.62,curfew
170,270,102.01,14.07,0.8621,6,6,0,0.0,1,1.63,1,0.0204,1.0,0.9,curfew
171,271,130.07,31.29,0.7594,5,5,2,0.4,1,2.73,2,0.1429,1.0,0.75,curfew
172,272,120.53,13.64,0.8868,5,5,1,0.2,1,2.48,1,0.0526,1.0,0.41,curfew
173,273,138.22,26.55,0.8079,6,6,0,0.0,1,0.66,2,0.069,1.0,0.76,curfew
174,274,139.4,12.21,0.9124,6,6,2,0.3333,1,2.11,1,0.0312,1.0,0.74,aqi
175,275,115.96,28.21,0.7567,4,4,1,0.25,0,26.63,3,0.3333,0.3333,0.17,aqi
176,276,110.76,38.23,0.6548,4,4,2,0.5,1,2.61,0,0.0,1.0,0.72,curfew
177,277,126.87,12.8,0.8991,5,5,1,0.2,1,1.98,0,0.0,1.0,0.49,curfew
178,278,140.55,26.91,0.8085,5,5,0,0.0,1,0.7,2,0.0444,1.0,0.53,weather
179,279,127.09,10.91,0.9142,6,6,2,0.3333,1,2.1,1,0.0435,1.0,0.52,curfew
180,280,94.38,11.8,0.875,6,6,3,0.5,1,1.54,0,0.0,1.0,0.57,weather
181,281,134.05,35.82,0.7328,5,5,3,0.6,1,0.83,2,0.0741,1.0,0.68,aqi
182,282,106.05,17.44,0.8355,3,3,0,0.0,1,0.63,2,0.0714,1.0,0.61,weather
183,283,101.39,14.78,0.8542,5,5,3,0.6,1,1.75,1,0.0435,1.0,0.41,aqi
184,284,102.91,20.59,0.7999,4,4,0,0.0,1,1.2,2,0.0476,1.0,0.74,aqi
185,285,115.86,36.47,0.6852,3,3,2,0.6667,1,2.41,0,0.0,1.0,0.6,curfew
186,286,123.19,12.21,0.9009,5,5,3,0.6,1,2.41,2,0.0952,1.0,0.74,weather
187,287,112.39,109.47,0.026,3,3,8,2.6667,1,0.47,3,1.0,0.3333,0.3,weather
188,288,121.16,75.96,0.3731,5,5,8,1.6,1,0.07,4,0.4,0.0,0.26,aqi
189,289,132.52,18.99,0.8567,6,6,0,0.0,1,1.42,0,0.0,1.0,0.89,curfew
190,290,125.81,17.97,0.8572,3,3,1,0.3333,1,2.3,1,0.0244,1.0,0.49,curfew
191,291,98.87,30.42,0.6923,6,6,0,0.0,1,1.93,0,0.0,1.0,0.5,aqi
192,292,114.78,16.12,0.8596,4,4,3,0.75,1,2.68,2,0.0392,1.0,0.43,weather
193,293,149.89,24.35,0.8375,5,5,3,0.6,1,1.28,1,0.0667,1.0,0.86,aqi
194,294,126.6,15.77,0.8754,5,5,1,0.2,1,1.2,0,0.0,1.0,0.87,aqi
195,295,131.41,24.67,0.8123,4,4,3,0.75,1,1.37,1,0.02,1.0,0.54,curfew
196,296,143.75,21.84,0.8481,6,6,2,0.3333,1,2.89,1,0.0769,1.0,0.42,curfew
197,297,105.39,0.0,1.0,6,4,0,0.0,1,0.51,4,0.4444,0.5,0.38,weather
198,298,93.05,28.1,0.698,4,4,1,0.25,0,22.76,2,2.0,0.0,0.23,aqi
199,299,147.87,29.56,0.8001,4,4,1,0.25,0,18.14,5,0.625,0.2,0.4,aqi
200,300,144.48,12.68,0.9122,3,3,1,0.3333,1,1.84,0,0.0,1.0,0.86,weather
201,301,146.04,11.09,0.9241,4,4,3,0.75,1,2.47,2,0.1333,1.0,0.88,aqi
202,302,107.9,28.08,0.7398,3,3,2,0.6667,1,1.21,2,0.0444,1.0,0.66,weather
203,303,106.37,34.26,0.6779,6,6,2,0.3333,1,0.91,2,0.0606,1.0,0.53,weather
204,304,124.07,100.29,0.1917,5,5,5,1.0,1,0.31,5,0.7143,0.4,0.13,weather
205,305,118.65,38.07,0.6791,4,4,0,0.0,1,1.15,1,0.0526,1.0,0.78,aqi
206,306,105.69,20.79,0.8033,3,3,1,0.3333,1,0.66,1,0.0909,1.0,0.55,aqi
207,307,131.42,29.16,0.7781,5,5,2,0.4,1,1.42,0,0.0,1.0,0.88,aqi
208,308,114.95,26.48,0.7696,5,5,3,0.6,1,2.39,0,0.0,1.0,0.78,curfew
209,309,121.53,25.85,0.7873,3,3,2,0.6667,1,0.7,0,0.0,1.0,0.43,curfew
210,310,124.36,14.5,0.8834,4,4,2,0.5,1,2.64,0,0.0,1.0,0.74,curfew
211,311,143.93,23.36,0.8377,3,3,0,0.0,1,1.63,1,0.0278,1.0,0.63,weather
212,312,133.4,21.88,0.836,5,5,0,0.0,1,2.36,0,0.0,1.0,0.42,aqi
213,313,146.07,12.07,0.9174,3,3,3,1.0,1,0.58,0,0.0,1.0,0.78,curfew
214,314,112.47,36.74,0.6733,6,6,3,0.5,1,2.67,1,0.0357,1.0,0.44,curfew
215,315,129.21,20.43,0.8419,4,4,1,0.25,1,2.98,2,0.069,1.0,0.46,weather
216,316,148.71,23.89,0.8394,3,3,3,1.0,1,1.83,0,0.0,1.0,0.63,weather
217,317,91.93,29.81,0.6757,3,3,0,0.0,1,1.1,0,0.0,1.0,0.7,aqi
218,318,104.68,11.33,0.8918,3,3,3,1.0,1,1.09,0,0.0,1.0,0.47,aqi
219,319,124.65,33.18,0.7338,5,5,2,0.4,1,1.09,2,0.1538,1.0,0.66,aqi
220,320,123.4,27.75,0.7751,3,3,1,0.3333,1,2.06,2,0.0645,1.0,0.65,aqi
221,321,137.15,19.56,0.8574,6,6,3,0.5,1,1.52,1,0.0435,1.0,0.49,curfew
222,322,108.04,31.23,0.7109,4,4,3,0.75,1,2.79,1,0.0256,1.0,0.88,curfew
223,323,104.57,16.1,0.846,6,6,0,0.0,1,2.81,0,0.0,1.0,0.67,weather
224,324,126.3,0.0,1.0,6,1,0,0.0,1,1.76,6,1.5,0.6667,0.19,weather
225,325,108.19,37.27,0.6555,5,5,1,0.2,1,2.84,0,0.0,1.0,0.77,aqi
226,326,113.8,17.18,0.849,4,4,2,0.5,1,2.44,1,0.0357,1.0,0.67,aqi
227,327,120.77,24.92,0.7937,5,5,0,0.0,1,2.51,1,0.02,1.0,0.78,aqi
228,328,108.78,11.37,0.8955,5,5,1,0.2,1,2.35,1,0.2,1.0,0.68,curfew
229,329,107.71,15.89,0.8525,6,6,1,0.1667,1,1.45,1,0.0526,1.0,0.68,curfew
230,330,147.99,29.25,0.8024,6,6,3,0.5,1,1.65,1,0.02,1.0,0.48,curfew
231,331,145.01,26.26,0.8189,4,4,0,0.0,1,1.81,2,0.25,1.0,0.42,weather
232,332,94.08,14.53,0.8456,4,4,1,0.25,1,1.76,0,0.0,1.0,0.71,curfew
233,333,129.56,10.47,0.9192,6,6,3,0.5,1,0.53,2,0.0541,1.0,0.54,aqi
234,334,96.42,11.93,0.8763,6,6,1,0.1667,0,14.82,6,0.6,0.3333,0.43,aqi
235,335,112.38,22.18,0.8026,3,3,1,0.3333,1,2.98,1,0.0556,1.0,0.74,weather
236,336,95.61,21.38,0.7764,3,3,3,1.0,1,0.64,2,0.5,1.0,0.49,aqi
237,337,123.95,35.74,0.7117,5,5,0,0.0,1,2.74,0,0.0,1.0,0.51,curfew
238,338,106.27,37.72,0.6451,6,6,2,0.3333,1,2.75,2,0.05,1.0,0.42,aqi
239,339,98.65,0.0,1.0,4,4,0,0.0,1,1.86,3,0.6,0.0,0.33,aqi
240,340,113.03,32.19,0.7152,5,5,0,0.0,1,1.75,0,0.0,1.0,0.45,weather
241,341,126.31,28.42,0.775,5,5,3,0.6,1,2.92,0,0.0,1.0,0.72,aqi
242,342,123.18,21.26,0.8274,5,5,1,0.2,1,2.2,1,0.0217,1.0,0.44,curfew
243,343,132.79,12.46,0.9062,4,4,1,0.25,1,1.45,0,0.0,1.0,0.77,aqi
244,344,90.31,19.25,0.7868,3,3,2,0.6667,1,2.4,0,0.0,1.0,0.44,aqi
245,345,96.2,12.69,0.8681,6,6,0,0.0,1,1.99,1,0.0417,1.0,0.41,aqi
246,346,133.49,26.79,0.7993,3,3,1,0.3333,1,1.93,2,0.1429,1.0,0.59,weather
247,347,119.59,11.9,0.9005,5,5,3,0.6,1,1.19,1,0.0435,1.0,0.79,aqi
248,348,133.25,24.87,0.8134,4,4,1,0.25,1,1.64,1,0.0833,1.0,0.4,aqi
249,349,138.24,19.89,0.8561,6,6,2,0.3333,1,1.58,2,0.0444,1.0,0.47,aqi
250,350,118.74,15.33,0.8709,4,4,3,0.75,1,2.92,2,0.0909,1.0,0.75,aqi
251,351,109.55,18.41,0.8319,4,4,3,0.75,1,1.41,0,0.0,1.0,0.7,curfew
252,352,147.18,23.85,0.838,3,3,1,0.3333,1,1.6,2,0.0909,1.0,0.43,aqi
253,353,128.0,17.26,0.8652,4,4,1,0.25,1,2.29,0,0.0,1.0,0.62,curfew
254,354,122.06,37.7,0.6911,6,6,3,0.5,1,1.86,2,0.0741,1.0,0.85,curfew
255,355,96.56,17.45,0.8193,3,3,2,0.6667,1,0.92,0,0.0,1.0,0.68,curfew
256,356,148.01,19.95,0.8652,6,6,3,0.5,1,0.76,1,0.1,1.0,0.51,curfew
257,357,116.75,21.73,0.8139,4,4,1,0.25,1,1.36,1,0.2,1.0,0.45,aqi
258,358,96.96,38.22,0.6058,3,3,1,0.3333,1,1.37,1,0.04,1.0,0.79,curfew
259,359,95.86,31.66,0.6697,6,6,3,0.5,1,1.3,0,0.0,1.0,0.81,weather
260,360,96.56,0.0,1.0,5,2,0,0.0,1,1.87,6,1.5,0.1667,0.32,aqi
261,361,103.91,22.15,0.7868,6,6,1,0.1667,1,0.97,1,0.0217,1.0,0.6,curfew
262,362,116.97,22.89,0.8043,4,4,0,0.0,1,2.26,1,0.0588,1.0,0.78,weather
263,363,111.95,15.91,0.8579,4,4,0,0.0,1,1.16,2,0.0571,1.0,0.88,aqi
264,364,125.22,20.44,0.8368,6,6,3,0.5,1,2.04,2,0.0426,1.0,0.8,curfew
265,365,108.79,17.16,0.8423,4,4,0,0.0,1,0.96,0,0.0,1.0,0.66,aqi
266,366,115.38,24.6,0.7868,6,6,1,0.1667,1,1.89,1,0.0286,1.0,0.47,aqi
267,367,141.93,38.56,0.7283,3,3,3,1.0,1,0.84,2,0.0714,1.0,0.65,aqi
268,368,114.94,35.2,0.6938,6,6,3,0.5,1,0.92,0,0.0,1.0,0.8,weather
269,369,103.49,18.66,0.8197,5,5,3,0.6,1,1.91,2,0.0571,1.0,0.66,curfew
270,370,139.36,0.0,1.0,5,1,0,0.0,1,1.54,6,0.75,0.1667,0.5,weather
271,371,107.86,39.98,0.6293,4,4,3,0.75,1,1.16,1,0.1111,1.0,0.83,weather
272,372,102.59,32.13,0.6868,4,4,2,0.5,1,2.65,2,0.0465,1.0,0.61,curfew
273,373,138.33,21.4,0.8453,4,4,2,0.5,0,21.94,4,1.3333,0.5,0.22,aqi
274,374,98.14,32.5,0.6688,3,3,3,1.0,1,2.8,2,0.0952,1.0,0.46,weather
275,375,139.71,32.84,0.7649,5,5,3,0.6,1,1.72,2,0.05,1.0,0.53,aqi
276,376,128.02,36.4,0.7157,3,3,0,0.0,1,1.51,1,0.0196,1.0,0.75,aqi
277,377,109.64,10.07,0.9082,6,6,0,0.0,1,2.33,2,0.0606,1.0,0.73,aqi
278,378,103.07,22.89,0.7779,6,6,1,0.1667,1,1.74,1,0.0417,1.0,0.57,curfew
279,379,143.65,100.49,0.3005,6,6,4,0.6667,1,0.05,2,0.25,0.0,0.47,weather
280,380,149.51,22.83,0.8473,3,3,1,0.3333,1,2.71,0,0.0,1.0,0.84,aqi
281,381,94.95,96.58,0.0,5,5,5,1.0,1,0.03,3,0.6,0.3333,0.36,weather
282,382,97.96,14.52,0.8518,6,6,2,0.3333,0,10.19,2,0.3333,0.0,0.38,aqi
283,383,133.85,12.05,0.91,6,6,2,0.3333,0,17.35,3,0.6,0.3333,0.41,weather
284,384,94.1,26.9,0.7141,4,4,1,0.25,1,1.6,0,0.0,1.0,0.71,weather
285,385,141.6,12.6,0.911,6,6,0,0.0,1,0.85,2,0.1818,1.0,0.77,aqi
286,386,137.46,17.43,0.8732,5,5,0,0.0,1,1.12,2,0.0476,1.0,0.76,aqi
287,387,140.87,29.75,0.7888,3,3,2,0.6667,1,1.01,2,0.0476,1.0,0.49,aqi
288,388,137.03,33.81,0.7533,3,3,1,0.3333,1,1.74,0,0.0,1.0,0.65,curfew
289,389,146.04,75.28,0.4845,3,3,8,2.6667,1,0.21,3,0.3333,0.3333,0.48,weather
290,390,105.73,10.8,0.8979,3,3,1,0.3333,0,28.97,6,0.8571,0.3333,0.35,aqi
291,391,94.95,26.1,0.7251,6,6,1,0.1667,1,1.19,0,0.0,1.0,0.66,weather
292,392,122.18,21.72,0.8222,4,4,0,0.0,1,1.28,2,0.0645,1.0,0.88,weather
293,393,96.96,94.49,0.0255,3,3,4,1.3333,1,0.15,2,0.6667,0.0,0.38,weather
294,394,121.38,33.49,0.7241,5,5,2,0.4,1,0.92,2,0.1667,1.0,0.79,aqi
295,395,136.29,10.88,0.9202,3,3,3,1.0,1,1.18,1,0.125,1.0,0.76,curfew
296,396,117.31,20.8,0.8227,6,6,3,0.5,1,2.65,1,0.0714,1.0,0.48,weather
297,397,103.7,25.26,0.7564,3,3,0,0.0,1,2.65,0,0.0,1.0,0.42,aqi
298,398,100.74,38.81,0.6148,4,4,0,0.0,1,1.88,2,0.0408,1.0,0.73,weather
299,399,144.95,19.6,0.8648,6,6,0,0.0,1,1.93,2,0.1818,1.0,0.74,weather
300,400,147.24,12.07,0.918,3,3,3,1.0,1,2.67,1,0.0435,1.0,0.44,aqi
301,401,123.83,82.16,0.3365,4,4,8,2.0,1,0.12,6,1.0,0.5,0.5,weather
302,402,99.03,37.97,0.6166,4,4,0,0.0,1,1.08,2,0.0769,1.0,0.82,weather
303,403,135.54,21.29,0.8429,3,3,2,0.6667,1,0.76,0,0.0,1.0,0.61,weather
304,404,132.7,12.79,0.9036,4,4,1,0.25,1,2.74,1,0.027,1.0,0.75,aqi
305,405,124.85,25.16,0.7985,3,3,3,1.0,1,0.69,0,0.0,1.0,0.62,weather
306,406,141.05,37.78,0.7322,5,5,3,0.6,1,2.25,1,0.0196,1.0,0.56,aqi
307,407,98.17,33.1,0.6628,4,4,0,0.0,1,0.89,1,0.0714,1.0,0.63,aqi
308,408,117.12,19.27,0.8355,5,5,1,0.2,0,11.81,6,1.2,0.0,0.19,aqi
309,409,113.77,71.96,0.3675,4,4,6,1.5,1,0.13,2,0.6667,0.0,0.44,weather
310,410,97.29,11.23,0.8846,3,3,1,0.3333,0,12.61,4,0.5714,0.5,0.35,weather
311,411,145.05,12.25,0.9155,5,5,0,0.0,1,0.99,1,0.0222,1.0,0.8,weather
312,412,97.35,38.27,0.6069,5,5,0,0.0,1,0.92,1,0.025,1.0,0.81,aqi
313,413,130.99,15.18,0.8841,6,6,1,0.1667,1,2.77,1,0.0476,1.0,0.62,weather
314,414,107.71,0.0,1.0,4,4,0,0.0,1,1.78,2,0.25,0.0,0.21,weather
315,415,127.85,34.07,0.7335,4,4,0,0.0,1,2.97,1,0.0204,1.0,0.64,aqi
316,416,113.3,15.39,0.8642,5,5,2,0.4,1,1.99,1,0.2,1.0,0.43,aqi
317,417,148.44,13.0,0.9124,4,4,1,0.25,1,1.17,0,0.0,1.0,0.78,weather
318,418,111.29,35.18,0.6839,6,6,1,0.1667,1,0.94,1,0.0244,1.0,0.8,curfew
319,419,132.21,20.55,0.8446,3,3,1,0.3333,1,1.91,1,0.0625,1.0,0.67,weather
320,420,93.37,28.05,0.6996,3,3,0,0.0,1,1.82,1,0.25,1.0,0.86,weather
321,421,133.02,37.56,0.7176,5,5,2,0.4,1,0.65,2,0.1538,1.0,0.75,weather
322,422,147.63,21.21,0.8563,5,5,3,0.6,1,1.97,1,0.04,1.0,0.56,weather
323,423,137.51,38.82,0.7177,6,6,2,0.3333,1,0.94,2,0.0513,1.0,0.84,curfew
324,424,129.93,34.43,0.735,4,4,3,0.75,1,1.27,1,0.0208,1.0,0.46,curfew
325,425,91.94,0.0,1.0,6,5,0,0.0,1,0.7,3,0.3,0.0,0.47,weather
326,426,104.28,39.47,0.6215,3,3,1,0.3333,1,2.09,2,0.2222,1.0,0.74,curfew
327,427,90.68,16.29,0.8204,6,6,0,0.0,1,1.38,2,0.2,1.0,0.4,aqi
328,428,148.15,36.54,0.7534,6,6,3,0.5,1,2.7,2,0.0769,1.0,0.59,aqi
329,429,99.76,12.21,0.8776,4,4,0,0.0,1,1.24,1,0.0417,1.0,0.88,weather
330,430,99.65,12.25,0.8771,6,6,0,0.0,1,1.34,1,0.0233,1.0,0.75,aqi
331,431,126.44,23.03,0.8179,4,4,0,0.0,1,0.75,0,0.0,1.0,0.6,curfew
332,432,129.64,18.92,0.8541,5,5,0,0.0,1,0.62,2,0.05,1.0,0.82,weather
333,433,95.26,102.96,0.0,3,3,8,2.6667,1,0.24,2,1.0,0.0,0.17,aqi
334,434,140.63,19.25,0.8631,6,6,3,0.5,1,1.68,1,0.0217,1.0,0.45,curfew
335,435,143.13,21.08,0.8527,5,5,3,0.6,1,0.61,1,0.0312,1.0,0.53,aqi
336,436,135.13,30.02,0.7778,4,4,0,0.0,1,2.17,1,0.0263,1.0,0.89,curfew
337,437,140.45,34.55,0.754,3,3,3,1.0,1,2.91,1,0.0213,1.0,0.69,weather
338,438,113.69,35.62,0.6867,3,3,0,0.0,1,1.76,2,0.0541,1.0,0.74,curfew
339,439,146.94,13.34,0.9092,6,6,1,0.1667,0,26.17,2,0.6667,0.0,0.13,aqi
340,440,140.05,17.74,0.8733,4,4,0,0.0,1,0.72,1,0.0256,1.0,0.68,aqi
341,441,137.19,28.69,0.7909,3,3,3,1.0,1,0.78,0,0.0,1.0,0.68,curfew
342,442,145.5,26.88,0.8153,3,3,0,0.0,1,2.46,1,0.0263,1.0,0.84,aqi
343,443,124.32,24.19,0.8054,6,6,1,0.1667,1,1.19,2,0.1538,1.0,0.7,curfew
344,444,143.37,19.94,0.8609,6,6,1,0.1667,1,0.62,1,0.0294,1.0,0.85,weather
345,445,108.66,35.29,0.6752,5,5,0,0.0,1,2.93,0,0.0,1.0,0.55,curfew
346,446,106.17,22.5,0.7881,5,5,0,0.0,1,0.97,1,0.0588,1.0,0.77,curfew
347,447,120.92,14.77,0.8779,3,3,2,0.6667,1,2.27,0,0.0,1.0,0.79,curfew
348,448,100.42,36.26,0.6389,3,3,1,0.3333,1,2.59,0,0.0,1.0,0.63,aqi
349,449,112.1,23.93,0.7865,5,5,3,0.6,1,2.09,2,0.1818,1.0,0.42,aqi
350,450,100.66,36.11,0.6413,6,6,2,0.3333,1,1.36,2,0.1,1.0,0.82,weather
351,451,92.98,35.61,0.617,6,6,1,0.1667,1,2.64,0,0.0,1.0,0.74,aqi
352,452,141.88,39.01,0.725,3,3,0,0.0,1,1.69,2,0.1667,1.0,0.49,weather
353,453,132.76,31.28,0.7644,5,5,2,0.4,1,1.56,1,0.0357,1.0,0.63,weather
354,454,125.07,10.22,0.9183,6,6,2,0.3333,1,1.9,2,0.0476,1.0,0.54,curfew
355,455,149.3,95.62,0.3595,3,3,6,2.0,1,0.13,3,0.6,0.0,0.31,weather
356,456,129.63,30.42,0.7653,6,6,0,0.0,1,2.14,1,0.0455,1.0,0.85,aqi
357,457,124.98,39.84,0.6812,3,3,1,0.3333,1,1.36,0,0.0,1.0,0.74,curfew
358,458,120.44,35.36,0.7064,5,5,1,0.2,1,1.23,0,0.0,1.0,0.77,curfew
359,459,146.82,36.99,0.7481,4,4,0,0.0,1,1.06,2,0.1111,1.0,0.84,aqi
360,460,112.3,27.57,0.7545,5,5,3,0.6,1,2.63,0,0.0,1.0,0.83,curfew
361,461,118.33,15.84,0.8661,3,3,0,0.0,1,2.67,2,0.0714,1.0,0.55,weather
362,462,98.24,16.01,0.837,4,4,3,0.75,1,2.97,0,0.0,1.0,0.56,curfew
363,463,119.25,28.93,0.7574,3,3,1,0.3333,1,1.28,0,0.0,1.0,0.63,weather
364,464,124.58,14.75,0.8816,4,4,0,0.0,1,0.82,2,0.0645,1.0,0.61,aqi
365,465,90.28,26.01,0.7119,6,6,2,0.3333,1,2.88,2,0.0833,1.0,0.5,curfew
366,466,131.61,16.89,0.8717,4,4,1,0.25,0,12.05,6,0.6667,0.3333,0.17,weather
367,467,117.36,25.61,0.7818,5,5,2,0.4,1,1.58,0,0.0,1.0,0.57,aqi
368,468,99.89,37.21,0.6275,4,4,3,0.75,1,0.55,2,0.1111,1.0,0.89,weather
369,469,97.39,31.33,0.6783,4,4,0,0.0,1,1.44,1,0.0227,1.0,0.79,curfew
370,470,96.49,0.0,1.0,3,1,0,0.0,1,0.19,5,2.5,0.6,0.25,aqi
371,471,102.33,30.57,0.7013,4,4,0,0.0,1,1.25,0,0.0,1.0,0.73,aqi
372,472,115.13,36.96,0.679,4,4,0,0.0,1,1.21,1,0.1,1.0,0.5,weather
373,473,111.48,22.29,0.8001,4,4,1,0.25,1,0.6,0,0.0,1.0,0.74,aqi
374,474,90.76,12.67,0.8604,3,3,0,0.0,1,2.59,1,0.0217,1.0,0.47,weather
375,475,133.41,13.04,0.9023,3,3,2,0.6667,1,2.11,1,0.0303,1.0,0.53,weather
376,476,141.13,17.2,0.8781,4,4,2,0.5,0,18.52,2,1.0,0.0,0.1,weather
377,477,109.72,36.84,0.6642,4,4,2,0.5,1,2.7,1,0.1111,1.0,0.81,weather
378,478,106.31,85.43,0.1964,6,6,7,1.1667,1,0.4,2,0.6667,0.0,0.38,weather
379,479,96.22,37.34,0.6119,4,4,3,0.75,1,2.51,1,0.0213,1.0,0.49,aqi
380,480,141.75,36.4,0.7432,3,3,1,0.3333,1,1.71,0,0.0,1.0,0.84,aqi
381,481,108.85,0.0,1.0,5,5,0,0.0,1,1.56,6,0.6,0.1667,0.49,aqi
382,482,115.97,31.8,0.7258,3,3,3,1.0,1,1.36,2,0.0426,1.0,0.59,curfew
383,483,90.7,38.03,0.5807,3,3,3,1.0,1,2.63,0,0.0,1.0,0.78,aqi
384,484,93.02,16.68,0.8207,5,5,3,0.6,1,1.51,0,0.0,1.0,0.63,curfew
385,485,116.82,13.56,0.8839,6,6,3,0.5,1,2.36,0,0.0,1.0,0.6,weather
386,486,139.55,33.75,0.7582,3,3,2,0.6667,1,2.73,0,0.0,1.0,0.73,aqi
387,487,139.52,34.5,0.7527,5,5,3,0.6,1,1.33,2,0.0465,1.0,0.64,curfew
388,488,96.84,32.78,0.6615,6,6,1,0.1667,1,0.51,2,0.0769,1.0,0.88,aqi
389,489,132.13,11.37,0.9139,5,5,1,0.2,1,1.73,2,0.0408,1.0,0.76,weather
390,490,101.25,37.91,0.6256,4,4,3,0.75,1,1.04,2,0.125,1.0,0.57,aqi
391,491,117.44,93.57,0.2033,3,3,8,2.6667,1,0.07,2,0.25,0.0,0.32,aqi
392,492,145.46,33.43,0.7702,6,6,1,0.1667,1,2.23,2,0.1333,1.0,0.81,weather
393,493,120.25,21.54,0.8209,5,5,1,0.2,1,1.18,1,0.04,1.0,0.63,weather
394,494,122.87,0.0,1.0,5,3,0,0.0,1,1.45,3,0.3333,0.0,0.18,aqi
395,495,148.88,29.5,0.8019,4,4,1,0.25,1,1.76,2,0.0417,1.0,0.56,weather
396,496,124.97,38.28,0.6937,6,6,3,0.5,1,2.19,1,0.0263,1.0,0.84,aqi
397,497,91.52,14.36,0.8431,3,3,0,0.0,1,1.0,0,0.0,1.0,0.89,curfew
398,498,131.44,18.85,0.8566,3,3,0,0.0,1,1.4,0,0.0,1.0,0.71,curfew
399,499,134.54,26.84,0.8005,4,4,1,0.25,1,1.78,1,0.0208,1.0,0.75,weather
400,500,114.99,33.64,0.7075,6,6,2,0.3333,1,2.91,0,0.0,1.0,0.77,weather
401,501,139.8,37.34,0.7329,6,6,2,0.3333,1,2.39,2,0.0526,1.0,0.7,curfew
402,502,116.93,39.5,0.6622,5,5,0,0.0,1,0.97,2,0.1333,1.0,0.66,aqi
403,503,105.85,0.0,1.0,5,2,0,0.0,1,1.21,2,0.4,0.0,0.29,weather
404,504,93.05,0.0,1.0,5,5,0,0.0,1,1.7,5,1.0,0.4,0.13,aqi
405,505,121.24,33.59,0.7229,4,4,1,0.25,1,1.54,1,0.0263,1.0,0.45,weather
406,506,109.86,18.81,0.8288,5,5,3,0.6,1,2.99,2,0.0385,1.0,0.4,curfew
407,507,144.27,28.41,0.8031,4,4,1,0.25,1,2.9,1,0.0213,1.0,0.59,weather
408,508,91.48,25.51,0.7211,5,5,2,0.4,1,1.79,1,0.0278,1.0,0.64,aqi
409,509,109.22,12.47,0.8858,4,4,0,0.0,1,0.92,2,0.0526,1.0,0.4,weather
410,510,141.9,22.73,0.8398,4,4,0,0.0,1,1.01,2,0.0417,1.0,0.79,curfew
411,511,134.81,14.61,0.8916,3,3,3,1.0,1,2.29,0,0.0,1.0,0.44,weather
412,512,124.5,16.83,0.8648,3,3,2,0.6667,1,1.52,2,0.0625,1.0,0.6,aqi
413,513,90.35,0.0,1.0,3,3,0,0.0,1,1.27,2,0.2,0.0,0.24,weather
414,514,126.39,18.45,0.854,5,5,3,0.6,1,1.45,0,0.0,1.0,0.64,curfew
415,515,137.81,35.48,0.7425,6,6,2,0.3333,1,2.9,1,0.0769,1.0,0.74,curfew
416,516,123.21,26.65,0.7837,3,3,0,0.0,1,0.6,2,0.05,1.0,0.6,curfew
417,517,102.6,32.24,0.6858,5,5,2,0.4,1,1.03,2,0.0444,1.0,0.47,weather
418,518,101.66,15.44,0.8481,5,5,0,0.0,1,2.63,1,0.0256,1.0,0.72,weather
419,519,105.04,15.92,0.8484,3,3,3,1.0,1,2.88,0,0.0,1.0,0.74,weather
420,520,109.07,19.01,0.8257,3,3,2,0.6667,0,23.87,6,2.0,0.6667,0.25,aqi
421,521,90.29,17.39,0.8074,4,4,1,0.25,1,2.28,1,0.0222,1.0,0.54,aqi
422,522,117.77,84.35,0.2838,5,5,6,1.2,1,0.24,3,1.5,0.0,0.44,weather
423,523,105.79,36.59,0.6541,4,4,0,0.0,1,2.32,2,0.4,1.0,0.72,curfew
424,524,144.38,26.55,0.8161,4,4,3,0.75,1,2.13,1,0.0769,1.0,0.6,curfew
425,525,98.03,25.03,0.7447,5,5,0,0.0,1,1.49,0,0.0,1.0,0.73,curfew
426,526,116.77,15.37,0.8684,4,4,1,0.25,1,2.34,1,0.0294,1.0,0.42,aqi
427,527,112.17,11.28,0.8994,5,5,1,0.2,1,1.79,1,0.037,1.0,0.63,aqi
428,528,148.84,19.72,0.8675,3,3,2,0.6667,1,2.59,2,0.1,1.0,0.67,weather
429,529,111.92,29.6,0.7355,6,6,0,0.0,1,1.79,0,0.0,1.0,0.66,aqi
430,530,119.21,24.46,0.7948,5,5,0,0.0,1,1.75,1,0.0833,1.0,0.48,weather
431,531,102.69,15.61,0.848,5,5,2,0.4,1,2.01,2,0.1818,1.0,0.52,aqi
432,532,130.51,24.37,0.8133,6,6,1,0.1667,1,2.12,0,0.0,1.0,0.52,weather
433,533,98.08,25.38,0.7412,4,4,1,0.25,1,0.64,0,0.0,1.0,0.66,aqi
434,534,142.71,31.84,0.7769,3,3,2,0.6667,1,2.87,1,0.0588,1.0,0.7,aqi
435,535,103.16,22.32,0.7836,4,4,1,0.25,1,2.49,2,0.1333,1.0,0.73,aqi
436,536,145.34,27.9,0.808,5,5,0,0.0,1,1.07,0,0.0,1.0,0.45,weather
437,537,139.59,28.17,0.7982,6,6,1,0.1667,1,1.69,2,0.0465,1.0,0.42,curfew
438,538,95.59,29.78,0.6885,3,3,0,0.0,1,2.74,2,0.0426,1.0,0.62,aqi
439,539,131.86,22.87,0.8266,3,3,3,1.0,1,2.47,1,0.0357,1.0,0.69,curfew
440,540,115.53,17.64,0.8473,3,3,1,0.3333,1,2.78,1,0.1111,1.0,0.7,curfew
441,541,90.33,32.31,0.6423,4,4,0,0.0,1,1.94,2,0.1818,1.0,0.4,curfew
442,542,114.53,13.2,0.8847,5,5,3,0.6,1,2.13,1,0.05,1.0,0.83,aqi
443,543,149.51,21.92,0.8534,5,5,1,0.2,1,1.53,1,0.0256,1.0,0.49,curfew
444,544,149.31,27.33,0.817,5,5,3,0.6,1,2.34,0,0.0,1.0,0.77,aqi
445,545,96.02,25.25,0.737,4,4,2,0.5,1,2.5,2,0.0465,1.0,0.74,weather
446,546,138.26,34.7,0.749,3,3,3,1.0,1,2.81,0,0.0,1.0,0.43,weather
447,547,133.47,37.92,0.7159,3,3,3,1.0,1,2.03,1,0.027,1.0,0.76,curfew
448,548,119.66,0.0,1.0,4,1,0,0.0,1,0.48,4,0.4444,0.0,0.11,weather
449,549,111.58,29.65,0.7343,3,3,1,0.3333,1,0.72,1,0.0476,1.0,0.58,aqi
450,550,121.06,32.11,0.7348,4,4,0,0.0,1,2.8,1,0.0256,1.0,0.76,curfew
451,551,110.85,34.47,0.689,5,5,1,0.2,1,2.02,1,0.0625,1.0,0.86,curfew
452,552,120.37,92.35,0.2328,4,4,8,2.0,1,0.15,6,3.0,0.3333,0.45,aqi
453,553,123.79,33.1,0.7326,6,6,2,0.3333,1,2.9,2,0.0606,1.0,0.63,curfew
454,554,96.98,12.03,0.876,6,6,1,0.1667,1,2.19,1,0.0556,1.0,0.61,aqi
455,555,132.05,17.9,0.8644,3,3,2,0.6667,1,0.73,2,0.0426,1.0,0.81,weather
456,556,118.59,20.61,0.8262,4,4,2,0.5,1,0.96,2,0.0392,1.0,0.87,weather
457,557,104.09,17.26,0.8342,4,4,2,0.5,1,1.02,0,0.0,1.0,0.82,aqi
458,558,97.19,12.35,0.8729,3,3,3,1.0,1,2.03,2,0.0385,1.0,0.88,aqi
459,559,119.54,39.56,0.6691,5,5,2,0.4,1,1.73,2,0.0385,1.0,0.54,weather
460,560,93.25,33.98,0.6356,4,4,3,0.75,1,2.85,2,0.3333,1.0,0.57,curfew
461,561,148.59,30.95,0.7917,6,6,3,0.5,1,1.29,0,0.0,1.0,0.74,aqi
462,562,111.7,35.86,0.679,5,5,1,0.2,1,1.87,1,0.0526,1.0,0.64,curfew
463,563,119.93,16.32,0.8639,4,4,2,0.5,1,1.41,1,0.0345,1.0,0.63,curfew
464,564,133.25,26.08,0.8043,4,4,2,0.5,0,27.13,3,0.75,0.0,0.29,weather
465,565,98.07,36.8,0.6248,6,6,2,0.3333,1,2.46,1,0.0435,1.0,0.68,curfew
466,566,99.8,0.0,1.0,3,1,0,0.0,1,1.65,2,0.25,0.0,0.4,aqi
467,567,110.65,22.35,0.798,5,5,2,0.4,1,2.67,0,0.0,1.0,0.69,curfew
468,568,148.76,18.54,0.8754,4,4,2,0.5,1,2.18,2,0.0571,1.0,0.62,weather
469,569,117.83,38.7,0.6716,5,5,1,0.2,1,2.1,1,0.04,1.0,0.72,curfew
470,570,94.75,20.31,0.7856,3,3,2,0.6667,1,1.29,2,0.0909,1.0,0.53,curfew
471,571,136.86,38.16,0.7212,6,6,3,0.5,1,1.53,0,0.0,1.0,0.46,weather
472,572,102.63,21.91,0.7865,3,3,0,0.0,1,0.66,2,0.0588,1.0,0.43,aqi
473,573,96.24,28.54,0.7034,3,3,0,0.0,1,2.14,1,0.0357,1.0,0.51,curfew
474,574,97.88,35.16,0.6408,4,4,0,0.0,1,0.59,1,0.0385,1.0,0.83,aqi
475,575,122.91,14.05,0.8857,5,5,1,0.2,1,1.98,2,0.0606,1.0,0.77,curfew
476,576,144.54,24.45,0.8308,5,5,1,0.2,1,2.51,1,0.0312,1.0,0.58,aqi
477,577,90.01,34.46,0.6172,3,3,1,0.3333,1,1.36,2,0.0588,1.0,0.4,aqi
478,578,107.98,32.98,0.6946,6,6,2,0.3333,1,1.99,2,0.5,1.0,0.59,aqi
479,579,113.69,14.9,0.8689,6,6,3,0.5,1,2.57,1,0.0556,1.0,0.44,curfew
480,580,107.08,32.29,0.6984,5,5,2,0.4,1,1.53,0,0.0,1.0,0.47,weather
481,581,106.33,28.68,0.7303,6,6,1,0.1667,1,1.3,0,0.0,1.0,0.88,weather
482,582,106.93,13.75,0.8714,3,3,3,1.0,1,2.32,0,0.0,1.0,0.48,aqi
483,583,108.69,33.98,0.6874,6,6,2,0.3333,1,1.66,1,0.1667,1.0,0.44,weather
484,584,122.59,13.63,0.8888,6,6,2,0.3333,0,26.35,2,2.0,0.0,0.25,aqi
485,585,101.95,32.06,0.6855,3,3,0,0.0,1,1.8,1,0.0588,1.0,0.59,aqi
486,586,127.75,11.27,0.9118,4,4,0,0.0,1,1.13,1,0.0227,1.0,0.5,weather
487,587,148.4,17.08,0.8849,4,4,3,0.75,1,1.31,1,0.0714,1.0,0.69,aqi
488,588,148.13,27.43,0.8148,3,3,3,1.0,1,2.22,1,0.0769,1.0,0.79,weather
489,589,131.16,20.15,0.8464,3,3,0,0.0,1,0.65,0,0.0,1.0,0.75,weather
490,590,148.9,101.54,0.3181,4,4,6,1.5,1,0.4,3,0.375,0.0,0.38,aqi
491,591,143.92,24.56,0.8293,5,5,3,0.6,1,1.9,2,0.0526,1.0,0.65,curfew
492,592,109.42,24.05,0.7802,5,5,1,0.2,1,0.67,1,0.0769,1.0,0.55,aqi
493,593,90.04,29.14,0.6764,6,6,3,0.5,1,2.33,2,0.4,1.0,0.83,curfew
494,594,129.5,26.17,0.7979,3,3,3,1.0,1,0.97,1,0.0213,1.0,0.78,weather
495,595,114.59,19.66,0.8284,5,5,0,0.0,1,1.81,0,0.0,1.0,0.82,weather
496,596,102.12,24.56,0.7595,3,3,0,0.0,1,0.58,1,0.0222,1.0,0.73,curfew
497,597,92.95,16.62,0.8212,5,5,0,0.0,1,0.53,2,0.1176,1.0,0.65,weather
498,598,111.66,32.3,0.7107,3,3,3,1.0,1,2.56,0,0.0,1.0,0.81,aqi
499,599,140.07,12.34,0.9119,3,3,1,0.3333,1,2.9,0,0.0,1.0,0.76,curfew
500,600,121.57,17.46,0.8564,4,4,1,0.25,1,1.9,1,0.0256,1.0,0.77,curfew
501,601,132.15,22.81,0.8274,6,6,0,0.0,1,0.92,2,0.1333,1.0,0.6,aqi
502,602,146.01,37.07,0.7461,6,6,2,0.3333,1,2.61,2,0.0667,1.0,0.62,curfew
503,603,123.79,16.42,0.8674,4,4,2,0.5,1,1.4,1,0.0312,1.0,0.88,weather
504,604,125.75,25.53,0.797,5,5,2,0.4,1,0.52,0,0.0,1.0,0.83,weather
505,605,145.15,25.34,0.8254,5,5,1,0.2,1,0.74,1,0.0303,1.0,0.48,aqi
506,606,103.98,34.33,0.6698,4,4,0,0.0,1,1.93,0,0.0,1.0,0.77,curfew
507,607,100.37,34.77,0.6536,6,6,0,0.0,1,1.99,0,0.0,1.0,0.77,curfew
508,608,145.31,20.03,0.8622,3,3,3,1.0,1,1.54,0,0.0,1.0,0.77,curfew
509,609,93.25,25.73,0.7241,6,6,2,0.3333,1,1.85,1,0.0769,1.0,0.65,weather
510,610,148.26,32.59,0.7802,6,6,0,0.0,1,1.06,1,0.0455,1.0,0.47,aqi
511,611,113.95,0.0,1.0,3,1,0,0.0,1,0.86,3,0.4286,0.0,0.29,weather
512,612,123.67,39.91,0.6773,4,4,1,0.25,1,1.11,1,0.0476,1.0,0.56,curfew
513,613,111.92,77.62,0.3065,6,6,6,1.0,1,0.3,4,4.0,0.0,0.5,aqi
514,614,92.69,34.55,0.6273,6,6,1,0.1667,1,2.21,2,0.1538,1.0,0.83,weather
515,615,146.94,37.8,0.7428,4,4,2,0.5,1,0.53,0,0.0,1.0,0.55,aqi
516,616,122.28,0.0,1.0,4,2,0,0.0,1,1.14,6,1.2,0.5,0.35,weather
517,617,112.6,37.18,0.6698,3,3,0,0.0,1,1.14,1,0.1429,1.0,0.5,curfew
518,618,117.9,38.36,0.6746,3,3,0,0.0,1,1.47,2,0.0952,1.0,0.83,curfew
519,619,91.14,36.02,0.6048,3,3,3,1.0,1,1.08,2,0.0714,1.0,0.89,weather
520,620,142.01,25.95,0.8173,6,6,1,0.1667,1,1.0,2,0.0606,1.0,0.86,weather
521,621,119.4,99.78,0.1643,5,5,4,0.8,1,0.17,4,0.6667,0.5,0.22,aqi
522,622,142.72,36.71,0.7428,5,5,0,0.0,1,2.86,0,0.0,1.0,0.48,aqi
523,623,133.79,25.62,0.8085,3,3,1,0.3333,1,1.54,0,0.0,1.0,0.61,aqi
524,624,116.95,13.95,0.8807,5,5,1,0.2,1,1.95,0,0.0,1.0,0.83,aqi
525,625,115.8,37.27,0.6782,4,4,1,0.25,1,2.14,0,0.0,1.0,0.56,curfew
526,626,101.05,35.19,0.6518,3,3,1,0.3333,1,2.32,1,0.0192,1.0,0.84,aqi
527,627,116.58,38.01,0.674,5,5,2,0.4,1,0.88,0,0.0,1.0,0.47,weather
528,628,126.34,28.37,0.7754,5,5,1,0.2,1,1.08,1,0.2,1.0,0.44,aqi
529,629,128.97,0.0,1.0,6,2,0,0.0,1,1.72,5,0.625,0.2,0.17,weather
530,630,147.01,78.9,0.4633,3,3,5,1.6667,1,0.38,3,1.5,0.3333,0.45,aqi
531,631,143.26,22.83,0.8406,6,6,0,0.0,1,2.02,2,0.0714,1.0,0.56,curfew
532,632,121.24,23.55,0.8058,3,3,0,0.0,1,2.69,2,0.1053,1.0,0.67,curfew
533,633,135.91,0.0,1.0,6,1,0,0.0,1,0.46,5,0.625,0.4,0.41,aqi
534,634,107.67,37.57,0.6511,6,6,1,0.1667,1,1.66,1,0.0222,1.0,0.45,curfew
535,635,114.81,88.04,0.2332,4,4,5,1.25,1,0.23,5,1.25,0.0,0.2,weather
536,636,95.47,31.19,0.6733,3,3,2,0.6667,1,0.71,1,0.0204,1.0,0.76,curfew
537,637,112.72,21.42,0.81,4,4,1,0.25,1,2.78,2,0.05,1.0,0.83,weather
538,638,136.15,11.54,0.9152,4,4,2,0.5,1,1.27,1,0.0312,1.0,0.71,weather
539,639,90.21,32.96,0.6346,4,4,0,0.0,1,1.65,2,0.0571,1.0,0.8,curfew
540,640,103.01,29.78,0.7109,4,4,3,0.75,1,1.53,2,0.2222,1.0,0.7,weather
541,641,127.19,26.73,0.7898,5,5,1,0.2,1,0.62,0,0.0,1.0,0.73,weather
542,642,124.69,0.0,1.0,3,3,0,0.0,1,0.67,2,1.0,0.0,0.27,weather
543,643,126.67,30.75,0.7572,5,5,1,0.2,1,2.92,2,0.0392,1.0,0.58,weather
544,644,112.11,85.16,0.2404,5,5,4,0.8,1,0.38,2,0.2222,0.0,0.29,weather
545,645,109.75,22.41,0.7958,5,5,1,0.2,1,2.24,0,0.0,1.0,0.45,curfew
546,646,119.02,30.66,0.7424,3,3,2,0.6667,1,1.57,1,0.0417,1.0,0.66,curfew
547,647,126.86,24.89,0.8038,4,4,3,0.75,1,1.73,2,0.1333,1.0,0.52,aqi
548,648,97.09,23.95,0.7533,3,3,0,0.0,1,2.34,2,0.1176,1.0,0.9,aqi
549,649,138.36,0.0,1.0,5,2,0,0.0,1,0.12,4,1.0,0.25,0.42,aqi
550,650,136.02,13.42,0.9013,5,5,2,0.4,1,1.35,2,0.04,1.0,0.71,weather
551,651,109.83,20.14,0.8166,4,4,3,0.75,1,2.79,2,0.3333,1.0,0.47,weather
552,652,117.75,34.42,0.7077,5,5,0,0.0,1,2.59,2,0.087,1.0,0.76,aqi
553,653,102.5,30.56,0.7019,3,3,2,0.6667,1,0.67,1,0.0769,1.0,0.82,aqi
554,654,124.26,21.69,0.8254,4,4,0,0.0,1,2.66,1,0.0192,1.0,0.75,aqi
555,655,114.83,24.91,0.7831,5,5,1,0.2,1,1.43,0,0.0,1.0,0.66,weather
556,656,144.8,18.88,0.8696,3,3,1,0.3333,0,25.98,3,0.3333,0.0,0.24,aqi
557,657,136.53,14.3,0.8953,5,5,0,0.0,1,2.56,2,0.0541,1.0,0.9,weather
558,658,113.26,35.94,0.6827,6,6,0,0.0,1,0.51,2,0.3333,1.0,0.82,weather
559,659,96.19,32.99,0.657,3,3,2,0.6667,1,0.56,1,0.0192,1.0,0.72,weather
560,660,107.19,25.97,0.7577,4,4,3,0.75,1,2.18,0,0.0,1.0,0.48,weather
561,661,122.55,20.99,0.8287,3,3,2,0.6667,0,12.83,6,1.2,0.1667,0.17,aqi
562,662,122.43,11.52,0.9059,5,5,0,0.0,1,1.68,0,0.0,1.0,0.45,weather
563,663,132.28,27.83,0.7896,6,6,2,0.3333,0,22.33,4,0.8,0.0,0.39,weather
564,664,124.07,12.79,0.8969,6,6,3,0.5,1,0.74,2,0.087,1.0,0.72,aqi
565,665,98.62,36.87,0.6261,4,4,2,0.5,1,2.78,0,0.0,1.0,0.75,curfew
566,666,117.2,10.91,0.9069,5,5,3,0.6,1,0.78,1,0.0294,1.0,0.82,aqi
567,667,120.48,22.17,0.816,4,4,0,0.0,1,1.31,0,0.0,1.0,0.8,curfew
568,668,104.31,17.31,0.8341,6,6,1,0.1667,1,2.93,0,0.0,1.0,0.57,curfew
569,669,124.03,20.27,0.8366,6,6,1,0.1667,1,0.93,0,0.0,1.0,0.77,curfew
570,670,96.86,27.88,0.7122,6,6,2,0.3333,1,1.89,0,0.0,1.0,0.55,aqi
571,671,138.84,0.0,1.0,3,2,0,0.0,1,0.72,2,2.0,0.0,0.43,weather
572,672,117.18,18.75,0.84,4,4,3,0.75,1,0.99,1,0.0213,1.0,0.55,curfew
573,673,133.07,37.45,0.7186,6,6,0,0.0,1,1.96,2,0.0465,1.0,0.6,weather
574,674,112.15,26.47,0.764,3,3,0,0.0,1,0.5,1,0.0256,1.0,0.45,aqi
575,675,115.9,27.7,0.761,4,4,2,0.5,1,2.28,1,0.0345,1.0,0.62,weather
576,676,98.34,26.66,0.7289,6,6,2,0.3333,1,2.6,1,0.0769,1.0,0.9,curfew
577,677,128.9,12.88,0.9001,3,3,2,0.6667,0,23.16,2,0.6667,0.0,0.36,aqi
578,678,127.39,23.63,0.8145,6,6,3,0.5,1,1.88,1,0.0312,1.0,0.58,weather
579,679,124.68,35.4,0.7161,3,3,1,0.3333,1,2.28,1,0.0476,1.0,0.86,curfew
580,680,124.09,31.15,0.749,3,3,0,0.0,1,1.95,0,0.0,1.0,0.47,curfew
581,681,117.9,12.35,0.8953,5,5,0,0.0,1,1.11,2,0.0455,1.0,0.73,curfew
582,682,93.17,0.0,1.0,5,3,0,0.0,1,1.12,5,5.0,0.6,0.31,aqi
583,683,115.26,38.82,0.6632,5,5,2,0.4,1,1.22,2,0.3333,1.0,0.86,curfew
584,684,93.69,24.19,0.7418,5,5,1,0.2,1,1.93,1,0.0217,1.0,0.8,curfew
585,685,97.61,11.54,0.8818,6,6,2,0.3333,0,15.04,4,0.4,0.25,0.44,weather
586,686,144.61,32.17,0.7775,4,4,3,0.75,1,1.42,1,0.0667,1.0,0.79,weather
587,687,110.57,12.53,0.8867,3,3,1,0.3333,1,1.99,1,0.0769,1.0,0.78,aqi
588,688,129.64,31.78,0.7549,4,4,1,0.25,1,1.03,1,0.02,1.0,0.43,aqi
589,689,93.15,23.92,0.7432,3,3,3,1.0,1,1.25,2,0.0392,1.0,0.52,curfew
590,690,105.76,25.91,0.755,6,6,3,0.5,1,0.53,1,0.0312,1.0,0.74,curfew
591,691,95.84,25.94,0.7293,3,3,2,0.6667,1,2.89,2,0.0645,1.0,0.86,aqi
592,692,138.14,17.66,0.8722,5,5,3,0.6,1,1.65,2,0.0426,1.0,0.52,curfew
593,693,121.2,30.33,0.7498,4,4,1,0.25,1,1.28,2,0.5,1.0,0.4,weather
594,694,96.23,0.0,1.0,3,2,0,0.0,1,0.77,4,0.8,0.0,0.11,weather
595,695,128.28,0.0,1.0,4,1,0,0.0,1,0.26,3,0.3,0.3333,0.36,weather
596,696,105.2,24.01,0.7718,4,4,0,0.0,1,2.1,1,0.0476,1.0,0.75,curfew
597,697,105.44,33.42,0.683,5,5,2,0.4,1,2.44,1,0.0357,1.0,0.57,weather
598,698,100.68,12.08,0.88,5,5,1,0.2,1,2.03,2,0.1333,1.0,0.65,weather
599,699,103.1,29.3,0.7158,6,6,3,0.5,1,2.29,0,0.0,1.0,0.44,curfew
600,700,91.13,24.93,0.7264,6,6,0,0.0,1,2.83,1,0.0217,1.0,0.53,curfew
601,701,124.48,25.46,0.7955,6,6,3,0.5,1,1.7,2,0.069,1.0,0.79,weather
602,702,113.07,30.68,0.7287,3,3,3,1.0,1,0.8,1,0.0263,1.0,0.57,aqi
603,703,111.92,35.6,0.6819,3,3,2,0.6667,1,0.7,1,0.0303,1.0,0.72,weather
604,704,129.64,18.97,0.8537,6,6,3,0.5,1,2.74,2,0.0455,1.0,0.58,weather
605,705,134.12,14.2,0.8941,6,6,1,0.1667,1,0.56,0,0.0,1.0,0.64,weather
606,706,119.98,38.95,0.6754,5,5,3,0.6,1,2.92,0,0.0,1.0,0.57,aqi
607,707,114.33,16.35,0.857,3,3,3,1.0,1,2.85,0,0.0,1.0,0.77,weather
608,708,134.13,24.67,0.8161,3,3,0,0.0,1,1.68,0,0.0,1.0,0.52,curfew
609,709,93.0,0.0,1.0,4,3,0,0.0,1,1.66,5,2.5,0.2,0.43,weather
610,710,96.85,27.85,0.7124,3,3,1,0.3333,1,0.66,1,0.0625,1.0,0.57,curfew
611,711,97.25,30.52,0.6862,5,5,1,0.2,1,1.3,0,0.0,1.0,0.7,aqi
612,712,135.45,13.36,0.9014,5,5,2,0.4,0,21.07,3,0.375,0.0,0.15,aqi
613,713,142.78,12.42,0.913,3,3,0,0.0,1,0.95,2,0.2222,1.0,0.73,aqi
614,714,131.54,16.18,0.877,6,6,2,0.3333,1,1.81,0,0.0,1.0,0.87,curfew
615,715,133.03,28.36,0.7868,4,4,0,0.0,1,2.07,1,0.0435,1.0,0.61,curfew
616,716,149.2,39.3,0.7366,3,3,2,0.6667,1,2.66,2,0.0526,1.0,0.51,curfew
617,717,93.18,13.38,0.8564,5,5,1,0.2,1,2.21,1,0.0294,1.0,0.49,curfew
618,718,128.69,18.55,0.8559,3,3,3,1.0,1,1.13,1,0.0233,1.0,0.42,curfew
619,719,137.13,19.7,0.8563,4,4,1,0.25,0,11.42,5,1.25,0.4,0.27,aqi
620,720,109.57,12.94,0.8819,3,3,3,1.0,1,2.67,0,0.0,1.0,0.44,curfew
621,721,98.7,37.84,0.6166,6,6,3,0.5,1,0.95,0,0.0,1.0,0.63,weather
622,722,102.13,13.82,0.8647,5,5,0,0.0,1,1.2,1,0.0909,1.0,0.63,weather
623,723,143.18,28.11,0.8037,4,4,1,0.25,1,1.95,0,0.0,1.0,0.44,curfew
624,724,125.49,35.11,0.7202,4,4,2,0.5,1,0.54,2,0.0645,1.0,0.84,weather
625,725,143.51,27.75,0.8066,4,4,1,0.25,1,2.78,1,0.25,1.0,0.89,weather
626,726,115.54,21.83,0.8111,3,3,0,0.0,1,1.63,0,0.0,1.0,0.68,weather
627,727,147.0,13.98,0.9049,6,6,2,0.3333,1,1.1,0,0.0,1.0,0.64,aqi
628,728,141.48,32.42,0.7709,6,6,0,0.0,1,2.94,0,0.0,1.0,0.84,aqi
629,729,127.61,31.12,0.7561,5,5,0,0.0,1,2.65,1,0.125,1.0,0.85,aqi
630,730,115.55,18.09,0.8434,5,5,1,0.2,1,2.47,2,0.2222,1.0,0.84,curfew
631,731,143.28,13.33,0.907,5,5,2,0.4,1,1.66,1,0.1667,1.0,0.58,curfew
632,732,123.65,33.21,0.7314,3,3,1,0.3333,1,2.95,2,0.1053,1.0,0.46,aqi
633,733,135.19,32.83,0.7572,4,4,2,0.5,1,1.38,2,0.0952,1.0,0.74,aqi
634,734,117.14,90.06,0.2312,5,5,4,0.8,1,0.24,6,0.6667,0.3333,0.28,aqi
635,735,101.3,36.52,0.6395,3,3,0,0.0,1,0.7,1,0.0667,1.0,0.88,weather
636,736,131.82,19.93,0.8488,5,5,1,0.2,0,20.41,4,4.0,0.25,0.49,weather
637,737,116.63,29.34,0.7484,6,6,2,0.3333,1,0.97,0,0.0,1.0,0.82,curfew
638,738,124.72,29.67,0.7621,6,6,2,0.3333,1,1.72,2,0.0435,1.0,0.67,curfew
639,739,124.04,36.95,0.7021,5,5,2,0.4,1,0.93,0,0.0,1.0,0.64,aqi
640,740,98.9,18.53,0.8126,3,3,1,0.3333,1,2.05,2,0.1429,1.0,0.67,weather
641,741,99.68,13.51,0.8645,4,4,2,0.5,1,1.94,1,0.0312,1.0,0.58,weather
642,742,129.93,39.34,0.6972,3,3,1,0.3333,1,1.43,0,0.0,1.0,0.67,weather
643,743,145.86,33.06,0.7733,6,6,3,0.5,1,2.82,0,0.0,1.0,0.89,curfew
644,744,128.83,18.87,0.8535,5,5,2,0.4,1,2.92,2,0.0385,1.0,0.73,curfew
645,745,110.32,13.37,0.8788,6,6,3,0.5,1,2.75,2,0.1667,1.0,0.68,aqi
646,746,111.44,83.05,0.2548,4,4,8,2.0,1,0.32,6,0.6,0.1667,0.41,aqi
647,747,122.3,23.36,0.809,3,3,0,0.0,1,2.94,0,0.0,1.0,0.65,curfew
648,748,144.51,20.83,0.8559,3,3,1,0.3333,1,2.29,1,0.0323,1.0,0.59,weather
649,749,108.49,23.37,0.7846,5,5,0,0.0,1,1.04,2,0.0625,1.0,0.9,aqi
650,750,133.72,22.43,0.8323,6,6,0,0.0,1,0.86,1,0.0435,1.0,0.89,curfew
651,751,145.99,27.72,0.8101,3,3,3,1.0,1,0.72,2,0.0667,1.0,0.86,aqi
652,752,132.61,32.66,0.7537,6,6,1,0.1667,1,1.0,1,0.0357,1.0,0.68,weather
653,753,140.08,19.12,0.8635,5,5,3,0.6,1,1.06,0,0.0,1.0,0.53,curfew
654,754,97.45,29.98,0.6924,6,6,2,0.3333,1,1.54,2,0.0571,1.0,0.72,weather
655,755,149.66,72.67,0.5144,5,5,6,1.2,1,0.29,5,0.5,0.4,0.35,aqi
656,756,112.39,31.99,0.7154,3,3,0,0.0,1,2.61,2,0.1429,1.0,0.43,aqi
657,757,111.44,11.59,0.896,4,4,2,0.5,1,1.55,0,0.0,1.0,0.54,curfew
658,758,120.83,32.99,0.727,3,3,1,0.3333,1,2.41,0,0.0,1.0,0.67,aqi
659,759,106.29,30.94,0.7089,5,5,2,0.4,1,0.74,1,0.0244,1.0,0.81,weather
660,760,136.73,86.48,0.3675,5,5,5,1.0,1,0.05,6,2.0,0.1667,0.43,weather
661,761,96.99,13.94,0.8563,3,3,0,0.0,1,1.7,2,0.087,1.0,0.58,aqi
662,762,100.33,19.14,0.8092,5,5,0,0.0,1,1.06,0,0.0,1.0,0.74,aqi
663,763,115.49,25.26,0.7813,4,4,1,0.25,0,11.55,5,0.625,0.0,0.18,weather
664,764,118.14,37.26,0.6846,3,3,0,0.0,1,0.67,0,0.0,1.0,0.78,weather
665,765,125.26,16.0,0.8723,4,4,2,0.5,1,0.57,2,0.1538,1.0,0.87,curfew
666,766,141.31,33.42,0.7635,4,4,1,0.25,1,1.76,0,0.0,1.0,0.81,weather
667,767,147.86,15.15,0.8975,4,4,0,0.0,1,2.93,0,0.0,1.0,0.86,curfew
668,768,116.38,38.73,0.6672,4,4,1,0.25,1,2.59,1,0.0357,1.0,0.51,weather
669,769,97.42,13.31,0.8634,5,5,1,0.2,1,1.74,2,0.0741,1.0,0.54,curfew
670,770,96.94,81.34,0.1609,5,5,8,1.6,1,0.37,3,0.375,0.3333,0.22,aqi
671,771,143.69,34.07,0.7629,3,3,2,0.6667,1,0.95,1,0.0213,1.0,0.74,aqi
672,772,97.15,21.84,0.7752,3,3,0,0.0,1,2.35,0,0.0,1.0,0.58,weather
673,773,97.37,35.14,0.6391,6,6,3,0.5,1,1.2,2,0.0408,1.0,0.7,curfew
674,774,118.55,28.09,0.7631,5,5,3,0.6,1,2.97,1,0.0278,1.0,0.47,aqi
675,775,119.84,95.13,0.2062,5,5,5,1.0,1,0.01,2,2.0,0.0,0.37,weather
676,776,99.16,28.66,0.711,5,5,0,0.0,1,2.4,2,0.0435,1.0,0.78,aqi
677,777,119.42,17.85,0.8505,6,6,2,0.3333,1,2.52,2,0.0526,1.0,0.41,weather
678,778,113.02,19.44,0.828,3,3,3,1.0,1,1.61,0,0.0,1.0,0.49,curfew
679,779,143.08,14.92,0.8957,5,5,3,0.6,1,0.84,1,0.0204,1.0,0.64,weather
680,780,129.6,30.56,0.7642,6,6,3,0.5,1,1.69,2,0.1429,1.0,0.43,aqi
681,781,127.02,20.58,0.838,6,6,2,0.3333,1,1.3,2,0.4,1.0,0.42,aqi
682,782,135.91,28.75,0.7885,3,3,3,1.0,1,0.74,1,0.0385,1.0,0.61,weather
683,783,104.08,19.36,0.814,4,4,0,0.0,1,2.78,1,0.125,1.0,0.46,weather
684,784,117.65,27.27,0.7682,5,5,2,0.4,0,15.33,6,0.75,0.0,0.49,aqi
685,785,124.35,34.25,0.7246,5,5,0,0.0,1,2.23,1,0.0588,1.0,0.65,curfew
686,786,111.8,23.08,0.7936,5,5,3,0.6,1,2.09,2,0.25,1.0,0.51,aqi
687,787,127.47,29.16,0.7712,6,6,1,0.1667,0,21.84,2,0.4,0.0,0.27,aqi
688,788,120.28,19.0,0.842,5,5,2,0.4,1,1.0,1,0.0345,1.0,0.71,aqi
689,789,142.85,28.84,0.7981,4,4,1,0.25,1,1.94,2,0.1176,1.0,0.88,curfew
690,790,146.23,25.98,0.8223,5,5,3,0.6,1,2.84,2,0.04,1.0,0.43,weather
691,791,104.42,32.39,0.6898,4,4,2,0.5,1,2.61,1,0.0333,1.0,0.83,weather
692,792,106.02,18.61,0.8245,6,6,1,0.1667,1,1.14,0,0.0,1.0,0.6,weather
693,793,137.82,16.21,0.8824,3,3,2,0.6667,0,21.2,5,0.7143,0.0,0.18,aqi
694,794,129.52,77.04,0.4052,5,5,4,0.8,1,0.48,2,0.25,0.0,0.44,weather
695,795,142.03,37.02,0.7394,5,5,3,0.6,1,2.74,2,0.0435,1.0,0.84,aqi
696,796,104.16,27.13,0.7395,4,4,0,0.0,1,1.8,2,0.0488,1.0,0.53,weather
697,797,136.39,19.4,0.8578,3,3,3,1.0,1,2.51,0,0.0,1.0,0.87,weather
698,798,148.2,18.79,0.8732,4,4,2,0.5,0,27.26,5,5.0,0.4,0.38,weather
699,799,118.49,17.39,0.8532,6,6,2,0.3333,1,2.7,1,0.0769,1.0,0.64,aqi
700,800,128.72,37.16,0.7113,3,3,0,0.0,1,2.6,0,0.0,1.0,0.75,curfew
701,801,108.56,38.75,0.6431,6,6,2,0.3333,1,2.76,0,0.0,1.0,0.67,weather
702,802,90.47,38.82,0.5709,6,6,2,0.3333,1,1.25,0,0.0,1.0,0.55,weather
703,803,142.77,33.0,0.7689,5,5,3,0.6,1,2.47,0,0.0,1.0,0.81,aqi
704,804,145.59,19.98,0.8628,6,6,3,0.5,1,2.69,0,0.0,1.0,0.75,curfew
705,805,133.75,0.0,1.0,6,5,0,0.0,1,1.5,2,0.25,0.0,0.36,weather
706,806,90.18,16.0,0.8226,4,4,2,0.5,1,1.28,0,0.0,1.0,0.48,curfew
707,807,140.82,30.57,0.7829,4,4,2,0.5,1,1.63,0,0.0,1.0,0.53,curfew
708,808,137.97,15.96,0.8843,5,5,3,0.6,1,1.42,1,0.0345,1.0,0.87,curfew
709,809,145.39,29.41,0.7977,3,3,1,0.3333,1,2.77,0,0.0,1.0,0.53,weather
710,810,105.61,0.0,1.0,6,1,0,0.0,1,1.92,6,2.0,0.0,0.11,aqi
711,811,139.64,24.82,0.8223,6,6,1,0.1667,1,2.28,1,0.0625,1.0,0.54,aqi
712,812,141.38,28.0,0.802,6,6,2,0.3333,1,2.32,1,0.0625,1.0,0.49,weather
713,813,127.06,28.15,0.7785,5,5,2,0.4,0,21.66,2,0.25,0.0,0.29,aqi
714,814,131.21,31.4,0.7607,6,6,3,0.5,1,2.34,0,0.0,1.0,0.45,weather
715,815,144.49,109.87,0.2396,4,4,8,2.0,1,0.35,2,2.0,0.0,0.3,aqi
716,816,130.28,13.97,0.8928,6,6,0,0.0,1,1.95,0,0.0,1.0,0.65,aqi
717,817,95.38,31.31,0.6717,4,4,3,0.75,1,0.85,1,0.0909,1.0,0.42,weather
718,818,134.87,37.79,0.7198,5,5,2,0.4,1,2.76,2,0.1,1.0,0.81,aqi
719,819,143.56,19.47,0.8644,6,6,3,0.5,1,2.41,2,0.1538,1.0,0.83,curfew
720,820,93.19,14.46,0.8448,6,6,1,0.1667,1,0.96,1,0.0294,1.0,0.48,aqi
721,821,92.45,20.7,0.7761,6,6,3,0.5,1,1.64,2,0.1818,1.0,0.83,weather
722,822,142.09,15.42,0.8915,4,4,1,0.25,1,2.37,2,0.0952,1.0,0.85,curfew
723,823,121.56,27.12,0.7769,3,3,3,1.0,1,2.8,1,0.0526,1.0,0.74,aqi
724,824,112.41,107.17,0.0466,3,3,4,1.3333,1,0.42,2,0.6667,0.0,0.28,aqi
725,825,125.65,10.17,0.9191,5,5,0,0.0,1,2.14,1,0.0312,1.0,0.87,curfew
726,826,102.68,11.46,0.8884,4,4,2,0.5,1,1.31,2,0.2857,1.0,0.44,curfew
727,827,105.31,17.2,0.8367,6,6,3,0.5,1,0.72,0,0.0,1.0,0.59,aqi
728,828,97.24,24.73,0.7457,4,4,3,0.75,1,2.34,2,0.087,1.0,0.7,aqi
729,829,120.76,24.69,0.7955,5,5,3,0.6,1,1.69,2,0.05,1.0,0.61,aqi
730,830,116.05,22.78,0.8037,4,4,0,0.0,1,1.78,2,0.0606,1.0,0.51,curfew
731,831,121.64,29.42,0.7581,6,6,0,0.0,1,1.23,0,0.0,1.0,0.85,aqi
732,832,131.06,19.01,0.855,4,4,1,0.25,1,1.81,2,0.0909,1.0,0.42,weather
733,833,120.64,22.39,0.8144,3,3,3,1.0,1,2.15,1,0.025,1.0,0.58,curfew
734,834,134.43,19.26,0.8567,3,3,1,0.3333,0,26.86,2,2.0,0.0,0.45,aqi
735,835,135.44,23.5,0.8265,6,6,2,0.3333,1,1.35,0,0.0,1.0,0.49,curfew
736,836,142.3,13.19,0.9073,5,5,0,0.0,1,0.51,0,0.0,1.0,0.49,aqi
737,837,142.13,38.97,0.7258,6,6,3,0.5,1,1.26,1,0.0233,1.0,0.75,curfew
738,838,95.26,14.05,0.8525,5,5,1,0.2,1,0.78,2,0.4,1.0,0.89,weather
739,839,128.98,23.07,0.8211,4,4,1,0.25,1,0.72,0,0.0,1.0,0.64,weather
740,840,132.16,0.0,1.0,4,4,0,0.0,1,1.0,6,0.75,0.1667,0.18,aqi
741,841,127.82,24.26,0.8102,3,3,2,0.6667,0,26.97,6,0.6,0.6667,0.5,weather
742,842,120.8,31.74,0.7373,6,6,3,0.5,1,1.08,2,0.2857,1.0,0.41,curfew
743,843,106.07,29.45,0.7224,3,3,3,1.0,1,0.79,2,0.0465,1.0,0.57,curfew
744,844,107.28,15.77,0.853,4,4,2,0.5,1,1.6,0,0.0,1.0,0.69,curfew
745,845,97.87,18.8,0.8079,6,6,3,0.5,1,2.9,2,0.0426,1.0,0.77,aqi
746,846,127.31,18.47,0.8549,4,4,0,0.0,1,2.17,0,0.0,1.0,0.5,curfew
747,847,146.58,24.81,0.8307,6,6,1,0.1667,1,1.02,0,0.0,1.0,0.58,aqi
748,848,100.48,35.78,0.6439,4,4,0,0.0,1,2.52,1,0.04,1.0,0.46,weather
749,849,105.47,83.61,0.2073,4,4,6,1.5,1,0.38,4,0.4444,0.0,0.44,weather
750,850,137.94,38.88,0.7181,6,6,0,0.0,1,2.94,2,0.0465,1.0,0.79,weather
751,851,120.44,15.01,0.8754,3,3,0,0.0,1,2.68,0,0.0,1.0,0.76,curfew
752,852,133.95,12.98,0.9031,6,6,2,0.3333,1,1.34,0,0.0,1.0,0.82,aqi
753,853,104.72,34.27,0.6727,3,3,2,0.6667,1,1.22,0,0.0,1.0,0.53,curfew
754,854,127.77,17.36,0.8641,5,5,3,0.6,1,2.47,1,0.0833,1.0,0.61,aqi
755,855,146.62,23.28,0.8412,5,5,0,0.0,1,2.29,0,0.0,1.0,0.44,aqi
756,856,116.04,21.8,0.8121,4,4,0,0.0,1,2.15,0,0.0,1.0,0.85,weather
757,857,115.16,36.57,0.6824,5,5,2,0.4,1,2.3,1,0.0417,1.0,0.4,aqi
758,858,132.02,23.39,0.8228,4,4,1,0.25,1,2.72,2,0.0465,1.0,0.73,curfew
759,859,136.52,36.43,0.7332,6,6,0,0.0,1,0.59,1,0.04,1.0,0.76,curfew
760,860,102.82,25.35,0.7535,5,5,2,0.4,1,1.8,2,0.0385,1.0,0.48,weather
761,861,104.48,33.22,0.682,5,5,3,0.6,1,2.97,2,0.1818,1.0,0.43,aqi
762,862,97.43,32.7,0.6644,5,5,0,0.0,1,1.62,2,0.05,1.0,0.4,aqi
763,863,111.02,18.54,0.833,4,4,1,0.25,1,2.29,2,0.0541,1.0,0.52,aqi
764,864,139.37,20.84,0.8505,4,4,0,0.0,1,0.87,1,0.0323,1.0,0.44,weather
765,865,118.58,23.38,0.8028,4,4,2,0.5,1,2.19,2,0.069,1.0,0.68,aqi
766,866,128.19,39.9,0.6887,6,6,3,0.5,1,2.33,0,0.0,1.0,0.47,weather
767,867,97.76,31.14,0.6815,6,6,0,0.0,1,2.24,1,0.0303,1.0,0.42,weather
768,868,145.3,13.56,0.9067,5,5,3,0.6,1,0.78,2,0.0741,1.0,0.54,curfew
769,869,108.3,21.23,0.804,5,5,2,0.4,1,1.71,0,0.0,1.0,0.79,aqi
770,870,102.93,102.77,0.0016,5,5,7,1.4,1,0.0,4,0.4444,0.0,0.45,aqi
771,871,123.95,37.01,0.7014,5,5,3,0.6,1,1.69,2,0.04,1.0,0.47,weather
772,872,135.7,30.02,0.7788,6,6,1,0.1667,1,2.67,0,0.0,1.0,0.8,curfew
773,873,103.97,21.86,0.7897,6,6,0,0.0,1,2.9,2,0.0625,1.0,0.54,weather
774,874,124.32,33.88,0.7275,3,3,2,0.6667,1,1.9,2,0.1818,1.0,0.68,weather
775,875,147.44,25.65,0.826,3,3,3,1.0,1,1.76,0,0.0,1.0,0.73,curfew
776,876,106.5,16.17,0.8482,3,3,3,1.0,1,0.71,2,0.0526,1.0,0.56,curfew
777,877,116.22,86.6,0.2549,3,3,8,2.6667,1,0.16,2,0.4,0.0,0.49,weather
778,878,105.33,12.69,0.8795,4,4,2,0.5,1,2.88,0,0.0,1.0,0.43,aqi
779,879,107.88,12.96,0.8799,3,3,1,0.3333,1,1.53,1,0.0417,1.0,0.59,weather
780,880,125.16,0.0,1.0,4,4,0,0.0,1,1.07,5,0.5556,0.0,0.21,aqi
781,881,93.93,10.87,0.8843,6,6,1,0.1667,1,2.78,1,0.2,1.0,0.68,curfew
782,882,135.78,29.55,0.7824,4,4,1,0.25,1,1.26,1,0.0333,1.0,0.44,curfew
783,883,112.4,39.56,0.648,4,4,1,0.25,1,1.84,2,0.0645,1.0,0.63,weather
784,884,129.18,15.02,0.8837,5,5,0,0.0,1,2.83,1,0.0294,1.0,0.7,curfew
785,885,140.55,16.38,0.8835,5,5,2,0.4,1,0.61,2,0.0392,1.0,0.68,aqi
786,886,133.5,29.98,0.7754,3,3,2,0.6667,0,14.22,4,0.4444,0.5,0.48,aqi
787,887,106.38,29.87,0.7192,6,6,2,0.3333,1,1.35,2,0.0606,1.0,0.56,curfew
788,888,118.59,0.0,1.0,3,1,0,0.0,1,1.38,6,0.8571,0.5,0.4,weather
789,889,122.32,36.78,0.6993,3,3,3,1.0,1,2.18,1,0.0385,1.0,0.81,aqi
790,890,97.49,21.11,0.7835,3,3,1,0.3333,1,1.61,2,0.1111,1.0,0.41,aqi
791,891,101.49,34.49,0.6602,5,5,2,0.4,1,2.52,0,0.0,1.0,0.89,aqi
792,892,132.42,0.0,1.0,6,2,0,0.0,1,0.11,2,0.2857,0.0,0.33,aqi
793,893,129.59,26.97,0.7919,4,4,1,0.25,1,0.66,2,0.1667,1.0,0.43,aqi
794,894,142.86,31.87,0.7769,4,4,2,0.5,1,0.98,0,0.0,1.0,0.9,curfew
795,895,130.84,36.49,0.7211,5,5,0,0.0,1,2.84,2,0.0444,1.0,0.87,weather
796,896,115.95,39.85,0.6563,5,5,2,0.4,1,0.8,1,0.027,1.0,0.65,curfew
797,897,92.82,37.55,0.5955,4,4,3,0.75,1,1.29,0,0.0,1.0,0.57,curfew
798,898,148.69,22.71,0.8473,4,4,0,0.0,1,2.79,0,0.0,1.0,0.56,weather
799,899,91.67,22.96,0.7495,3,3,0,0.0,1,1.98,1,0.0227,1.0,0.82,weather
800,900,139.95,102.87,0.265,4,4,8,2.0,1,0.4,6,3.0,0.6667,0.28,weather
801,901,95.13,11.82,0.8757,3,3,0,0.0,1,1.44,0,0.0,1.0,0.79,weather
802,902,93.29,28.32,0.6964,6,6,3,0.5,1,0.66,0,0.0,1.0,0.68,aqi
803,903,95.75,32.56,0.6599,6,6,1,0.1667,1,2.66,2,0.0435,1.0,0.41,aqi
804,904,142.8,28.58,0.7999,6,6,2,0.3333,1,2.13,0,0.0,1.0,0.63,aqi
805,905,96.16,27.86,0.7103,3,3,0,0.0,1,1.98,2,0.125,1.0,0.46,curfew
806,906,118.88,28.63,0.7592,6,6,1,0.1667,1,1.11,0,0.0,1.0,0.46,curfew
807,907,108.67,36.56,0.6636,5,5,1,0.2,1,0.87,2,0.087,1.0,0.57,aqi
808,908,93.44,25.21,0.7302,4,4,0,0.0,1,1.56,0,0.0,1.0,0.72,weather
809,909,101.36,24.27,0.7606,5,5,3,0.6,1,2.0,2,0.08,1.0,0.68,aqi
810,910,109.72,13.15,0.8801,6,6,0,0.0,1,1.74,2,0.5,1.0,0.51,weather
811,911,104.34,32.04,0.6929,4,4,2,0.5,1,2.52,0,0.0,1.0,0.6,weather
812,912,111.47,26.64,0.761,3,3,1,0.3333,1,1.23,2,0.125,1.0,0.69,aqi
813,913,101.87,13.48,0.8677,3,3,2,0.6667,0,24.38,6,1.0,0.1667,0.17,weather
814,914,144.64,10.63,0.9265,5,5,1,0.2,1,1.45,1,0.0909,1.0,0.87,aqi
815,915,138.57,29.83,0.7847,5,5,3,0.6,1,2.7,0,0.0,1.0,0.47,weather
816,916,121.95,30.83,0.7472,4,4,2,0.5,1,2.0,0,0.0,1.0,0.86,curfew
817,917,137.38,19.83,0.8557,5,5,0,0.0,1,2.07,0,0.0,1.0,0.83,curfew
818,918,133.64,33.54,0.749,4,4,0,0.0,1,0.92,2,0.0714,1.0,0.78,aqi
819,919,100.74,31.37,0.6886,6,6,3,0.5,1,2.29,1,0.0286,1.0,0.53,aqi
820,920,102.43,36.85,0.6402,3,3,3,1.0,1,2.66,0,0.0,1.0,0.55,aqi
821,921,105.27,12.54,0.8809,5,5,0,0.0,1,1.24,1,0.027,1.0,0.52,weather
822,922,115.57,24.03,0.7921,5,5,3,0.6,1,1.42,1,0.0286,1.0,0.54,weather
823,923,105.94,12.28,0.8841,4,4,0,0.0,1,1.24,2,0.0556,1.0,0.67,weather
824,924,95.9,12.14,0.8734,4,4,0,0.0,1,1.87,0,0.0,1.0,0.74,aqi
825,925,101.44,28.12,0.7228,5,5,1,0.2,1,3.0,2,0.0385,1.0,0.77,aqi
826,926,139.34,101.33,0.2728,5,5,7,1.4,1,0.47,2,0.2,0.0,0.36,weather
827,927,103.62,32.47,0.6866,4,4,3,0.75,1,1.08,2,0.0488,1.0,0.78,curfew
828,928,137.51,19.39,0.859,5,5,1,0.2,1,1.57,1,0.0208,1.0,0.5,aqi
829,929,112.48,27.33,0.757,3,3,1,0.3333,1,1.26,0,0.0,1.0,0.65,curfew
830,930,103.53,22.77,0.7801,5,5,3,0.6,1,2.41,2,0.0417,1.0,0.55,curfew
831,931,99.22,29.05,0.7072,3,3,2,0.6667,0,21.36,6,0.6,0.6667,0.45,aqi
832,932,93.82,21.59,0.7699,6,6,3,0.5,1,0.77,1,0.025,1.0,0.72,aqi
833,933,123.17,0.0,1.0,3,1,0,0.0,1,1.67,5,0.5,0.0,0.17,weather
834,934,107.03,16.99,0.8413,6,6,0,0.0,1,1.64,2,0.0741,1.0,0.41,aqi
835,935,113.47,39.69,0.6502,6,6,1,0.1667,1,1.84,2,0.0588,1.0,0.43,weather
836,936,115.93,98.39,0.1513,4,4,7,1.75,1,0.08,4,0.4,0.5,0.18,aqi
837,937,149.47,23.37,0.8436,3,3,3,1.0,1,2.01,2,0.1053,1.0,0.56,curfew
838,938,117.76,11.17,0.9051,6,6,0,0.0,1,1.22,1,0.0303,1.0,0.75,curfew
839,939,126.78,34.3,0.7295,6,6,1,0.1667,1,1.54,2,0.1333,1.0,0.77,aqi
840,940,131.91,12.87,0.9024,4,4,0,0.0,1,1.1,1,0.0714,1.0,0.84,curfew
841,941,131.88,31.67,0.7599,3,3,1,0.3333,1,2.77,2,0.0667,1.0,0.46,aqi
842,942,135.99,0.0,1.0,3,2,0,0.0,1,0.88,4,1.3333,0.0,0.3,aqi
843,943,110.62,85.97,0.2228,6,6,5,0.8333,1,0.2,4,4.0,0.0,0.38,weather
844,944,119.09,12.05,0.8988,6,6,1,0.1667,1,2.28,0,0.0,1.0,0.64,aqi
845,945,140.31,28.21,0.7989,4,4,1,0.25,1,1.24,2,0.0526,1.0,0.6,weather
846,946,130.64,14.6,0.8882,3,3,2,0.6667,1,0.94,0,0.0,1.0,0.85,curfew
847,947,140.19,34.35,0.755,3,3,0,0.0,1,1.48,1,0.0435,1.0,0.43,weather
848,948,145.73,17.49,0.88,6,6,1,0.1667,0,14.0,5,5.0,0.0,0.5,aqi
849,949,103.23,36.47,0.6467,3,3,1,0.3333,1,2.31,1,0.1667,1.0,0.66,aqi
850,950,127.48,38.03,0.7017,4,4,3,0.75,1,2.85,0,0.0,1.0,0.51,aqi
851,951,114.13,19.49,0.8292,3,3,3,1.0,1,1.03,0,0.0,1.0,0.73,aqi
852,952,92.64,36.56,0.6054,5,5,3,0.6,1,1.25,1,0.0238,1.0,0.89,weather
853,953,105.12,12.84,0.8779,4,4,2,0.5,1,2.95,1,0.0208,1.0,0.74,curfew
854,954,135.7,0.0,1.0,4,3,0,0.0,1,1.96,2,0.25,0.0,0.11,aqi
855,955,120.21,31.14,0.741,4,4,0,0.0,1,1.08,0,0.0,1.0,0.55,curfew
856,956,127.19,11.8,0.9072,4,4,2,0.5,1,1.75,0,0.0,1.0,0.59,curfew
857,957,142.64,0.0,1.0,6,2,0,0.0,1,0.63,6,6.0,0.5,0.36,aqi
858,958,140.82,19.94,0.8584,4,4,1,0.25,1,1.01,2,0.2857,1.0,0.89,curfew
859,959,126.48,21.44,0.8305,4,4,2,0.5,1,0.96,0,0.0,1.0,0.43,aqi
860,960,128.06,12.83,0.8998,4,4,1,0.25,0,12.51,6,2.0,0.6667,0.43,weather
861,961,115.57,24.01,0.7922,3,3,1,0.3333,1,2.3,1,0.0526,1.0,0.49,weather
862,962,148.06,16.04,0.8917,6,6,3,0.5,1,0.7,1,0.037,1.0,0.59,aqi
863,963,135.62,34.59,0.7449,6,6,3,0.5,1,0.55,1,0.0357,1.0,0.83,aqi
864,964,123.17,15.27,0.876,4,4,3,0.75,1,1.66,1,0.0303,1.0,0.59,curfew
865,965,98.2,24.08,0.7548,5,5,1,0.2,1,2.79,0,0.0,1.0,0.83,curfew
866,966,114.27,22.47,0.8034,6,6,3,0.5,1,2.93,1,0.037,1.0,0.64,curfew
867,967,114.53,11.16,0.9026,3,3,0,0.0,1,1.46,0,0.0,1.0,0.5,aqi
868,968,120.58,24.66,0.7955,5,5,2,0.4,1,2.24,1,0.0222,1.0,0.86,curfew
869,969,92.07,34.39,0.6265,6,6,0,0.0,1,2.24,0,0.0,1.0,0.53,aqi
870,970,105.26,28.06,0.7334,4,4,1,0.25,1,0.53,2,0.2222,1.0,0.76,aqi
871,971,121.11,15.66,0.8707,3,3,3,1.0,1,0.91,1,0.0323,1.0,0.75,curfew
872,972,125.16,32.02,0.7442,6,6,0,0.0,1,0.77,1,0.025,1.0,0.81,aqi
873,973,131.94,10.19,0.9228,6,6,1,0.1667,1,2.54,0,0.0,1.0,0.43,curfew
874,974,129.27,31.99,0.7525,6,6,1,0.1667,1,0.94,2,0.1333,1.0,0.47,aqi
875,975,117.04,34.43,0.7058,3,3,1,0.3333,1,1.0,0,0.0,1.0,0.8,weather
876,976,116.44,37.39,0.6789,6,6,0,0.0,1,2.67,0,0.0,1.0,0.55,aqi
877,977,91.78,79.39,0.135,3,3,7,2.3333,1,0.34,2,1.0,0.0,0.21,weather
878,978,95.81,25.67,0.7321,3,3,0,0.0,1,1.44,1,0.027,1.0,0.87,aqi
879,979,110.19,30.46,0.7236,6,6,2,0.3333,1,3.0,1,0.0526,1.0,0.73,aqi
880,980,142.38,34.19,0.7599,5,5,0,0.0,1,1.64,1,0.0208,1.0,0.76,weather
881,981,106.77,0.0,1.0,3,3,0,0.0,1,1.53,4,1.0,0.25,0.35,aqi
882,982,90.19,29.14,0.6769,4,4,2,0.5,1,0.54,0,0.0,1.0,0.88,curfew
883,983,104.01,24.54,0.7641,6,6,0,0.0,1,1.37,2,0.0588,1.0,0.83,weather
884,984,126.43,31.36,0.752,5,5,0,0.0,1,0.82,1,0.1111,1.0,0.82,curfew
885,985,100.08,23.39,0.7663,6,6,0,0.0,1,1.71,0,0.0,1.0,0.52,weather
886,986,96.33,39.8,0.5868,3,3,0,0.0,1,0.9,1,0.0417,1.0,0.78,weather
887,987,147.09,30.12,0.7952,6,6,1,0.1667,1,2.81,2,0.0455,1.0,0.65,curfew
888,988,145.91,32.99,0.7739,4,4,0,0.0,1,2.11,2,0.0714,1.0,0.77,curfew
889,989,138.51,16.71,0.8794,6,6,0,0.0,1,1.23,0,0.0,1.0,0.57,curfew
890,990,124.37,13.82,0.8889,3,3,2,0.6667,1,2.89,2,0.05,1.0,0.4,weather
891,991,140.83,39.4,0.7202,4,4,2,0.5,1,2.43,0,0.0,1.0,0.66,curfew
892,992,113.72,26.15,0.77,3,3,3,1.0,1,1.29,0,0.0,1.0,0.65,aqi
893,993,134.82,26.98,0.7999,5,5,1,0.2,0,21.98,6,1.2,0.0,0.21,aqi
894,994,119.7,31.12,0.74,4,4,3,0.75,1,0.65,0,0.0,1.0,0.81,weather
895,995,132.02,11.58,0.9123,4,4,1,0.25,1,2.64,1,0.02,1.0,0.55,curfew
896,996,149.46,26.44,0.8231,4,4,2,0.5,1,1.56,1,0.0294,1.0,0.78,aqi
897,997,131.78,77.8,0.4096,5,5,8,1.6,1,0.2,4,1.3333,0.5,0.45,weather
898,998,117.45,14.91,0.8731,5,5,1,0.2,1,1.6,1,0.0294,1.0,0.85,weather
899,999,134.12,10.27,0.9234,4,4,0,0.0,1,2.2,1,0.0769,1.0,0.88,aqi
900,1000,145.56,12.88,0.9115,4,4,3,0.75,1,0.95,0,0.0,1.0,0.89,curfew
901,1001,148.18,28.81,0.8056,6,6,3,0.5,1,1.11,0,0.0,1.0,0.6,aqi
902,1002,129.17,21.26,0.8354,4,4,0,0.0,1,2.44,1,0.0222,1.0,0.54,curfew
903,1003,97.2,12.48,0.8716,3,3,3,1.0,1,2.1,0,0.0,1.0,0.41,curfew
904,1004,106.42,32.36,0.6959,6,6,1,0.1667,1,1.46,2,0.0444,1.0,0.62,curfew
905,1005,132.83,27.24,0.7949,5,5,1,0.2,0,18.11,5,5.0,0.6,0.13,weather
906,1006,147.94,36.93,0.7504,4,4,1,0.25,1,2.66,0,0.0,1.0,0.4,aqi
907,1007,92.35,27.25,0.7049,3,3,1,0.3333,1,0.72,0,0.0,1.0,0.44,weather
908,1008,147.98,15.15,0.8976,5,5,0,0.0,1,1.12,2,0.3333,1.0,0.85,aqi
909,1009,98.39,24.71,0.7489,6,6,2,0.3333,1,1.81,2,0.0769,1.0,0.67,weather
910,1010,104.23,15.64,0.8499,3,3,2,0.6667,1,2.64,0,0.0,1.0,0.7,weather
911,1011,97.71,28.67,0.7066,5,5,0,0.0,1,1.87,1,0.05,1.0,0.72,weather
912,1012,146.68,30.3,0.7934,3,3,1,0.3333,1,1.84,2,0.25,1.0,0.77,curfew
913,1013,132.87,26.91,0.7975,4,4,1,0.25,1,1.55,1,0.0769,1.0,0.9,aqi
914,1014,94.65,13.74,0.8548,4,4,0,0.0,1,2.21,0,0.0,1.0,0.56,weather
915,1015,136.68,14.39,0.8947,5,5,1,0.2,1,1.18,1,0.1,1.0,0.89,weather
916,1016,136.96,13.71,0.8999,3,3,2,0.6667,1,1.97,0,0.0,1.0,0.66,curfew
917,1017,123.09,28.22,0.7707,5,5,0,0.0,1,0.93,1,0.0192,1.0,0.49,curfew
918,1018,118.61,13.83,0.8834,6,6,0,0.0,1,2.22,0,0.0,1.0,0.73,weather
919,1019,93.17,31.76,0.6591,5,5,2,0.4,1,2.27,2,0.1053,1.0,0.7,curfew
920,1020,149.17,33.95,0.7724,6,6,2,0.3333,1,1.19,2,0.0645,1.0,0.87,weather
921,1021,146.85,22.2,0.8488,3,3,2,0.6667,1,2.61,0,0.0,1.0,0.44,weather
922,1022,124.52,12.54,0.8993,4,4,2,0.5,1,1.89,0,0.0,1.0,0.88,aqi
923,1023,118.78,25.45,0.7857,4,4,0,0.0,1,1.51,0,0.0,1.0,0.86,curfew
924,1024,122.06,0.0,1.0,6,3,0,0.0,1,0.56,6,0.6667,0.0,0.34,weather
925,1025,100.49,21.01,0.7909,4,4,1,0.25,1,1.78,1,0.1429,1.0,0.65,weather
926,1026,110.28,30.37,0.7246,3,3,0,0.0,1,1.23,1,0.0294,1.0,0.53,weather
927,1027,103.05,19.14,0.8143,6,6,0,0.0,1,2.84,1,0.0233,1.0,0.43,weather
928,1028,107.9,13.21,0.8776,5,5,2,0.4,1,2.73,1,0.0667,1.0,0.58,weather
929,1029,95.08,25.43,0.7325,4,4,1,0.25,1,1.53,0,0.0,1.0,0.48,curfew
930,1030,113.72,18.98,0.8331,6,6,3,0.5,1,2.73,1,0.0263,1.0,0.45,aqi
931,1031,99.71,20.61,0.7933,6,6,3,0.5,1,0.51,0,0.0,1.0,0.46,aqi
932,1032,134.64,106.04,0.2124,6,6,5,0.8333,1,0.33,4,0.5,0.0,0.27,aqi
933,1033,109.49,32.93,0.6992,4,4,3,0.75,1,1.75,1,0.0196,1.0,0.47,weather
934,1034,99.33,25.0,0.7483,4,4,1,0.25,1,0.63,1,0.04,1.0,0.89,curfew
935,1035,106.93,73.3,0.3145,6,6,7,1.1667,1,0.12,6,2.0,0.1667,0.2,weather
936,1036,129.98,22.87,0.824,4,4,3,0.75,1,2.27,2,0.2,1.0,0.77,curfew
937,1037,103.76,13.97,0.8654,4,4,0,0.0,1,1.18,0,0.0,1.0,0.61,curfew
938,1038,112.82,25.75,0.7718,3,3,1,0.3333,1,1.05,1,0.0323,1.0,0.43,aqi
939,1039,96.6,20.91,0.7835,5,5,2,0.4,1,2.28,1,0.0526,1.0,0.85,weather
940,1040,134.69,0.0,1.0,3,1,0,0.0,1,0.64,6,1.2,0.0,0.27,aqi
941,1041,110.06,13.35,0.8787,5,5,0,0.0,1,2.21,1,0.0833,1.0,0.58,aqi
942,1042,104.3,18.28,0.8247,5,5,3,0.6,1,0.72,0,0.0,1.0,0.71,curfew
943,1043,132.28,28.51,0.7845,4,4,1,0.25,0,28.84,4,0.4,0.25,0.39,weather
944,1044,92.63,15.75,0.83,4,4,2,0.5,1,2.73,2,0.0385,1.0,0.89,aqi
945,1045,144.65,12.03,0.9168,3,3,3,1.0,1,1.81,0,0.0,1.0,0.48,aqi
946,1046,107.38,38.67,0.6399,4,4,0,0.0,1,2.49,0,0.0,1.0,0.77,aqi
947,1047,99.93,32.52,0.6746,3,3,3,1.0,1,1.91,1,0.0357,1.0,0.7,weather
948,1048,124.31,27.76,0.7767,4,4,0,0.0,1,2.7,1,0.0278,1.0,0.65,curfew
949,1049,141.15,18.89,0.8662,5,5,2,0.4,1,1.88,0,0.0,1.0,0.42,weather
950,1050,146.52,18.33,0.8749,4,4,1,0.25,1,1.18,2,0.2857,1.0,0.89,weather
951,1051,128.92,28.98,0.7752,3,3,2,0.6667,1,1.31,2,0.0408,1.0,0.53,weather
952,1052,109.48,11.72,0.8929,5,5,0,0.0,1,2.56,2,0.1111,1.0,0.88,weather
953,1053,122.24,39.36,0.678,3,3,0,0.0,1,2.31,1,0.0208,1.0,0.87,aqi
954,1054,139.01,16.62,0.8804,4,4,2,0.5,1,1.01,1,0.0227,1.0,0.48,weather
955,1055,112.12,37.07,0.6694,6,6,0,0.0,1,1.74,0,0.0,1.0,0.81,weather
956,1056,146.6,15.41,0.8949,6,6,2,0.3333,1,0.55,0,0.0,1.0,0.81,curfew
957,1057,98.61,22.79,0.7689,3,3,3,1.0,1,2.77,0,0.0,1.0,0.76,weather
958,1058,126.2,21.34,0.8309,3,3,0,0.0,1,0.78,2,0.5,1.0,0.87,weather
959,1059,106.06,38.16,0.6402,3,3,0,0.0,1,2.48,0,0.0,1.0,0.67,aqi
960,1060,102.14,24.41,0.761,3,3,3,1.0,1,2.54,1,0.0435,1.0,0.64,weather
961,1061,122.62,0.0,1.0,5,1,0,0.0,1,1.67,6,3.0,0.3333,0.14,aqi
962,1062,103.6,17.71,0.8291,4,4,2,0.5,0,23.11,5,1.25,0.0,0.3,weather
963,1063,111.44,28.47,0.7445,5,5,0,0.0,1,1.4,0,0.0,1.0,0.7,weather
964,1064,125.98,30.38,0.7589,5,5,1,0.2,1,2.73,1,0.0213,1.0,0.71,aqi
965,1065,106.27,24.98,0.7649,3,3,2,0.6667,1,2.83,0,0.0,1.0,0.79,weather
966,1066,109.22,21.72,0.8011,4,4,3,0.75,1,2.54,2,0.1818,1.0,0.61,curfew
967,1067,109.38,13.83,0.8736,3,3,3,1.0,1,1.38,1,0.0286,1.0,0.64,aqi
968,1068,98.29,38.32,0.6101,5,5,1,0.2,1,1.46,1,0.0256,1.0,0.67,aqi
969,1069,113.08,27.43,0.7574,4,4,3,0.75,1,1.82,2,0.0417,1.0,0.51,weather
970,1070,102.2,35.52,0.6524,3,3,2,0.6667,1,1.9,0,0.0,1.0,0.43,aqi
971,1071,107.68,14.32,0.867,4,4,3,0.75,1,1.11,0,0.0,1.0,0.77,weather
972,1072,112.65,10.79,0.9042,4,4,3,0.75,1,1.43,0,0.0,1.0,0.73,weather
973,1073,91.81,20.96,0.7717,4,4,0,0.0,1,1.11,2,0.5,1.0,0.82,aqi
974,1074,134.61,99.92,0.2577,4,4,6,1.5,1,0.24,5,0.8333,0.0,0.21,weather
975,1075,135.07,0.0,1.0,3,3,0,0.0,1,0.4,5,0.7143,0.6,0.32,aqi
976,1076,132.56,22.71,0.8287,5,5,1,0.2,1,1.18,2,0.2222,1.0,0.59,weather
977,1077,127.14,16.57,0.8697,6,6,1,0.1667,1,2.56,2,0.0513,1.0,0.82,curfew
978,1078,129.16,22.15,0.8285,5,5,3,0.6,1,0.91,2,0.0741,1.0,0.61,aqi
979,1079,126.19,103.86,0.177,3,3,4,1.3333,1,0.12,6,2.0,0.0,0.13,weather
980,1080,101.26,16.05,0.8415,5,5,0,0.0,1,1.1,2,0.2222,1.0,0.68,curfew
981,1081,92.74,19.44,0.7904,6,6,2,0.3333,1,0.52,1,0.0385,1.0,0.88,curfew
982,1082,133.54,39.22,0.7063,6,6,0,0.0,1,1.33,2,0.0392,1.0,0.45,weather
983,1083,125.18,104.08,0.1686,6,6,6,1.0,1,0.08,2,0.25,0.0,0.48,weather
984,1084,136.13,14.83,0.8911,4,4,2,0.5,1,1.62,1,0.0833,1.0,0.55,curfew
985,1085,92.4,31.38,0.6604,6,6,3,0.5,1,1.1,2,0.0465,1.0,0.44,weather
986,1086,95.84,10.45,0.891,6,6,2,0.3333,1,1.87,1,0.1111,1.0,0.45,aqi
987,1087,99.69,18.4,0.8154,5,5,2,0.4,1,1.38,0,0.0,1.0,0.76,aqi
988,1088,148.71,32.89,0.7788,6,6,3,0.5,1,2.13,0,0.0,1.0,0.89,aqi
989,1089,114.54,94.79,0.1724,5,5,5,1.0,1,0.22,6,0.6667,0.3333,0.25,aqi
990,1090,142.64,39.74,0.7214,5,5,0,0.0,1,2.05,0,0.0,1.0,0.77,weather
991,1091,99.27,13.16,0.8674,3,3,3,1.0,1,0.9,0,0.0,1.0,0.51,aqi
992,1092,117.95,29.27,0.7518,5,5,3,0.6,1,0.77,2,0.1333,1.0,0.45,aqi
993,1093,114.09,11.93,0.8954,4,4,2,0.5,1,2.99,0,0.0,1.0,0.75,aqi
994,1094,122.7,28.97,0.7639,6,6,1,0.1667,0,22.8,6,1.0,0.0,0.5,aqi
995,1095,148.71,78.54,0.4719,5,5,5,1.0,1,0.43,4,0.5714,0.25,0.35,weather
996,1096,94.9,104.95,0.0,5,5,7,1.4,1,0.44,3,0.3333,0.3333,0.17,weather
997,1097,147.8,81.88,0.446,6,6,5,0.8333,1,0.17,5,0.7143,0.6,0.31,weather
998,1098,111.28,30.79,0.7233,6,6,3,0.5,1,2.56,2,0.0513,1.0,0.5,curfew
999,1099,109.42,39.59,0.6382,4,4,2,0.5,1,0.54,0,0.0,1.0,0.65,aqi
1000,1100,121.24,70.15,0.4214,6,6,7,1.1667,1,0.47,5,1.6667,0.0,0.11,weather
